0,1,2,3,4,5,6,7,8,9,10,11,12,13,14,15,16,17,18,19,20,21,22,23,24,25,26,27,28,29,30,31,32,33,34,35,36,37,38,39,40,41,42,43,44,45,46,47,48,49,50,51,52,53,54,55,56,57,58,59,60,61,62,63
-0.4496803,0.8575739,0.24130425,0.11555016,-0.070295915,0.3831537,0.7014107,0.04971605,0.38970536,-0.73578465,0.9320601,0.15100782,0.36435857,0.8936108,-0.26223564,-0.06625352,0.44565168,-0.50730556,0.31236804,0.7251539,1.2111158,-0.3132655,-0.28810582,0.14595206,0.3589075,0.31060678,0.6121323,0.34184012,-0.16326796,0.1644508,0.40405074,0.032304794,-0.6350021,0.46196052,0.47121325,0.64562726,0.012079584,-0.6356859,-0.43653232,-0.16055502,0.121447735,-0.73332536,-0.43059307,0.055780664,-0.8888523,-0.8479815,-1.0183626,-0.000882765,-0.6932676,0.2547809,-0.49412698,0.5353439,0.25692105,0.27265778,-0.5019962,0.25469118,0.66897863,1.2786189,0.49400324,-0.2942617,-0.79874563,-0.7940799,0.53130335,-0.18701269
-0.18794984,0.32797936,-0.54261976,-0.19254725,0.5713935,-0.04402693,-0.016797429,0.116976745,0.092501216,-1.0485346,0.4030875,0.7063021,0.19099884,0.7692039,0.6288204,-1.3109418,-0.07572848,-0.3159512,-0.724523,0.62789255,0.2235378,-0.3170927,-0.26814222,-0.05971739,0.9035829,-0.8432906,-0.057359856,-0.20227884,-0.082342856,0.4265955,-0.061589055,0.13645726,-0.84694487,-0.17160818,0.24219719,-0.6231459,-1.412055,-0.13000675,1.4011635,-1.2916837,-0.34156156,-0.48188674,0.005585528,1.1313931,-0.89203274,-0.065956794,-0.65603983,-0.49851713,-0.18123023,-0.7778059,-1.1195794,-0.3958621,0.703836,-0.31584555,-0.39896768,0.29355645,-0.35307285,0.14957891,0.022975823,-0.35030827,0.012085948,-0.14210236,1.0401847,0.695776
0.36465117,0.20446706,-0.47911003,-0.25170812,-0.09440588,0.42707938,-0.14296973,0.40786895,-0.02299731,-0.7464651,0.35039312,0.19760427,0.39980298,0.6782148,0.06371679,-0.3129632,-0.16309655,-0.057137698,-0.53400904,-0.31871724,-0.015650658,-0.5006389,-0.6198397,0.21609293,0.21992527,-0.22493945,0.7077627,-0.3768738,0.31494877,0.84872967,0.40711161,0.49966204,-0.03706679,0.46320355,0.38761207,-0.25256252,-0.24203444,0.7882654,-0.34834775,0.1776704,0.22623792,-0.5053951,-0.74780226,-0.07250839,-0.15064535,0.7482057,-0.30378523,0.10766731,0.042811394,-1.4229012,-0.32955748,-0.078245774,0.5920065,0.42516783,-0.3725812,0.20817979,0.4195287,0.5256642,1.2389494,0.6275231,-1.1064247,0.009027324,-0.17183802,-0.077779
-0.5512391,0.02880709,-0.34079516,-0.6652029,0.11748478,0.16721515,0.34515548,0.7925643,-0.002111251,-0.50381225,0.6067448,0.014209135,0.560795,0.4465099,-0.3059975,-0.1543252,0.09085409,-0.2951494,-0.59216994,-0.3004103,0.6496679,-0.11626216,-0.27594596,0.045058113,0.6775813,0.010724558,-0.3536352,0.28006628,0.2943084,1.0274707,-0.17171519,0.49365228,-0.704035,1.0538219,0.43407926,-5.51E-02,-0.62905246,-0.4477002,0.3133959,0.2824861,0.25885713,-0.6922347,-0.038902972,1.0686007,-1.1958385,-0.6466267,-0.092632845,-0.36080292,-0.34886426,0.005261316,-0.605427,-0.15876311,0.21149777,0.19032674,-0.756715,-0.34272864,0.10616876,1.0335666,-0.5184372,0.20435554,-0.97824645,-0.2229907,-0.20908292,0.62039584
-0.527561,0.017497,-0.51031494,-0.3869627,0.068841785,0.2308799,0.3008902,0.7081087,-0.050163668,-0.48964843,0.58206373,0.09535005,0.5346558,0.51779294,-0.21528892,-0.06311752,0.11055318,-0.3091947,-0.6270176,-0.14446628,0.42684653,0.12402015,-0.33183068,0.10039599,0.5871579,-0.0107525,-0.4427163,0.20244412,0.14169607,0.8417561,-0.23961306,0.3222063,-0.7569557,0.8413368,0.35804945,-0.02579066,-0.5778537,-0.35575208,0.38499683,0.2909516,0.21717808,-0.6215388,-0.07463761,0.9098728,-1.1146992,-0.5912885,-0.120131925,-0.3418706,-0.1536181,0.14753968,-0.6519902,-0.09139237,0.27953708,0.19222438,-0.6750347,-0.26999706,0.18895222,0.9626935,-0.38721517,0.18208392,-0.6614909,-0.38960108,-0.15952802,0.5959394
-0.008053481,0.4915751,-0.31215325,-0.13621317,-0.56958765,0.095313825,0.34144753,0.022269495,0.29378325,-0.26347697,0.034707356,-0.09460727,-0.09287182,0.26934817,0.109011285,-0.17371625,0.3299778,-0.785436,-0.23086612,0.5586425,0.4092486,0.45308372,0.123402424,-0.097142264,-0.21428043,-0.39638856,-0.4197436,0.5642811,0.18552448,0.5625998,0.56235945,0.095846556,-0.17252252,-0.03665168,-0.5796941,-0.25991267,-0.5099482,0.021979125,-0.21668099,0.3853471,0.2293435,-0.037791185,-0.46684897,0.5616787,-0.95189804,0.46479318,-0.62949944,-0.38617212,0.034158442,-0.36676806,-0.96139073,-0.7055715,0.009017895,0.1311152,-0.5141452,0.3329112,0.70208544,0.073749565,-0.10525135,0.15597227,0.05051399,0.2822239,0.40490824,0.433053
-0.15161724,0.3001791,-0.22379866,-0.9131673,0.014430422,-0.31419018,0.70072126,-0.195789,-0.2276515,-0.67163897,0.8595286,-0.071600415,-0.24507189,0.26448575,0.041614857,-0.13449273,0.6952314,-1.0463016,0.17726815,-0.09924486,0.29379237,-0.067745745,-0.18425484,-0.2509988,-0.67154914,-0.8708486,-0.26132095,-0.03661578,0.5407594,0.5110225,0.19072145,-0.01928114,0.3099676,-0.38530287,-0.12020915,-0.24746425,-0.5916888,-0.118164755,0.086260565,0.22841544,0.20739256,0.22334503,-0.2440209,0.538405,-0.55043733,0.35585287,-0.7301738,-0.13963442,0.14780517,-0.937748,-1.1212592,0.36991504,-0.48817664,0.09874686,-0.30133325,0.6581109,0.000772445,0.4618642,0.33254462,-0.0349481,-0.34257972,-0.1334488,0.19955993,-0.20288932
-0.68140733,0.46531028,0.8548397,1.0057105,0.2757141,0.48579878,0.8112153,-0.11391477,-0.09190915,-1.2719501,-0.69319,1.7792878,1.6568384,1.8848457,-1.3347762,-1.4292084,0.14463116,-1.2707357,0.40898177,1.478729,-0.31355152,0.66019183,0.32796368,0.11526729,-1.3067598,0.8300528,0.6715869,-0.13305566,1.4672731,1.0009791,0.35249397,0.5994438,-2.1386385,-1.4226189,-0.19849011,0.7324703,-0.82598215,-0.3158445,0.8663064,-0.50093985,0.15551801,0.16850254,-1.1701424,0.007984044,-0.36787367,0.33376598,-2.090231,-0.2921642,1.1321292,-0.80275095,0.012176284,0.54339916,1.6539446,-0.42773876,0.015176665,-0.40436825,-0.77696544,-0.22180694,-0.14306307,-0.017063327,-0.3335994,-0.3047852,-0.49077627,-0.0193457
-0.26956663,-0.024378207,-0.48157725,-0.4027275,0.7371314,0.31542698,0.016788835,0.63392895,0.028939217,-0.84542274,0.48528406,0.2694851,0.3335159,0.40100166,-0.007848123,0.033121347,-0.06324987,-0.113625556,-0.6114872,0.09318352,0.3030267,0.050589066,-0.4107354,0.33982563,0.63806766,-0.1294595,-0.3050838,0.2303462,0.02276207,0.63352877,-0.2829612,0.047531243,-0.8956843,0.5242904,0.56255114,-0.19964482,-0.6049254,-0.29181194,0.24678785,0.039759632,0.15229966,-0.39716193,0.0604167,0.6012215,-1.0785568,-0.8624111,-0.25338265,-0.34950492,-0.023282388,0.28763917,-0.61012524,-0.00809898,0.23005468,0.15590118,-0.60501873,0.07284085,0.15975447,1.0475107,-0.28296655,0.41094884,-0.84213823,-0.6604648,-0.2400853,0.44862896
-0.102778785,-0.084812984,-0.3992271,-1.1354164,0.11037625,-0.18489026,0.57393646,0.50895154,-0.51647794,-1.2143098,0.08974198,0.39654022,-0.10967546,0.06410079,0.4917846,-0.5732814,0.23843771,-0.3961013,0.16812298,0.13862322,-0.47452107,-0.62993324,-0.42021254,0.41770494,-0.037334967,-0.5057788,-0.091084495,-0.54766184,0.44517002,0.27723438,0.25484422,-0.22358938,0.35752794,-0.34166265,-0.089824274,0.9848689,0.421042,0.37496668,0.24963683,0.32069227,0.22551188,-0.9640719,-0.29787034,0.004620425,-0.92404634,0.18820284,-0.88320065,-0.63486296,0.4128775,-0.20612651,-1.0149438,-0.132765,0.13311233,-0.25883102,-0.37293595,0.24591523,0.39461833,0.45281744,0.8452572,0.4621963,0.30103555,-0.987974,0.5430999,-0.44883966
0.04889385,0.57071215,-0.60698646,-0.83372,0.29033455,-0.23615386,0.22475566,-0.3566094,-0.20855716,-0.84995216,1.462894,-0.054750163,-0.47495604,0.22088555,-0.3418726,0.22771524,0.8698017,-1.350892,0.21335717,0.22255684,0.48616916,-0.45501307,-0.44776505,-0.5253616,-0.36955482,-1.1559907,-0.76575565,0.44652185,0.82351905,-0.099672034,0.9656092,-0.2448783,0.4550686,0.027728863,-0.72568136,-0.2556849,-0.25113097,-0.57993597,-0.08189877,0.73803,0.40155092,-0.10309093,-0.81765807,0.8724785,-0.5205383,0.56849426,-0.8441438,0.03776264,0.30308965,-0.77107686,-1.5924001,0.28375888,-0.58320534,0.17734928,0.13764018,0.9999873,-0.34596562,0.1196539,0.16480048,-0.14895734,-0.034683917,0.031300317,0.07242708,-0.06590516
0.82714945,-0.20126694,-0.4465778,0.4268707,1.2675726,-0.7398637,-0.015474836,-0.7322351,0.009453492,-0.3450738,0.38306764,0.4380602,-0.53554416,1.5035033,0.79777396,0.18600732,0.9583907,-1.5660617,-0.69539934,-1.4846776,0.28376323,0.22872835,0.21680804,0.13993013,-0.107436314,-0.6394615,1.1794454,0.10279655,-0.5156485,0.38822204,0.07824859,-0.63517976,-0.090562604,1.2091258,0.64704406,-0.41443124,-1.9872545,-1.5554861,0.20204344,-0.74460423,-0.6630617,-0.5848399,-0.12239579,0.18712454,-0.71760684,-0.50920945,-0.27998725,0.001696725,0.008948311,-0.80496657,-0.43219328,0.26436648,-0.9440519,0.14046438,0.2868554,0.74779683,0.53323257,0.9815602,-0.89492404,0.047653873,-0.28377125,-0.91005284,0.21356325,0.06345296
-0.41421342,0.1004113,-0.3656279,-0.3239569,-0.019829445,0.2833432,0.22968927,0.7800044,-0.032424144,-0.45657232,0.78993577,0.023752483,0.18740004,0.45835528,-0.089409664,-0.19795904,0.52022135,-0.14120992,-0.587514,-0.16908541,0.40455025,-0.057971347,-0.36837167,-0.03810104,0.48307747,0.22187622,-0.4762412,0.05751936,0.24228281,1.0081694,-0.084668696,0.35652465,-0.51208293,0.723351,0.50247544,-0.13806225,-0.5368417,-0.3852962,0.16489889,0.02917916,0.10296737,-0.5447103,-0.3751616,0.71628773,-0.782185,-0.6205131,-0.23372717,-0.008009337,-0.19196418,0.05686525,-0.4554689,-0.06868272,0.22605295,0.26011875,-0.86049324,-0.41742885,0.22916302,0.92753136,-0.10162814,0.16997825,-0.6832248,-0.13723612,-0.20445596,0.35689083
-0.7293968,0.6124561,0.42139444,0.105650544,0.01135931,0.5245969,0.26311377,0.001941047,0.35353008,-0.429231,0.60101795,0.105398916,0.41282257,0.82939553,-0.12806901,0.19507651,0.28925633,-0.19573669,0.321006,0.045260876,0.8570145,0.16617931,-0.2363736,0.3338036,0.18811053,-0.16254063,0.76981974,0.46555558,-0.23861386,0.025327442,0.024783222,0.39653075,-0.4219363,0.13680175,0.19475721,0.9536166,-0.122039944,-0.28159788,-0.41052333,-0.08228901,-0.011261015,-0.5165106,-0.3717921,0.24380136,-0.80071586,-0.8257562,-0.755898,-0.12661035,-0.6423426,0.13639538,-0.29562983,0.19634007,0.45964113,0.35981965,-0.57805467,0.04638566,0.5182568,1.0519257,0.59908,-0.53563637,-0.75423443,-0.99784166,-0.122590326,-0.11172483
-0.3773811,-0.11168399,-0.4035959,0.025473427,0.20157741,0.6300974,0.5092596,0.3538478,-0.22178942,-0.24486673,0.5929532,0.03351929,0.79027766,0.76953423,-0.24588789,0.4461643,0.4099486,-0.64451796,-0.77209395,-0.20744427,0.81544524,0.6297015,-0.8036603,0.5500373,1.2553736,-0.025682794,0.25296953,0.32262698,-0.16931108,-0.10320006,-0.08837688,0.11558436,-0.7128317,0.23562613,0.52602726,0.033927035,-0.22969885,-0.3425259,0.6745115,-0.29031405,0.3631154,-0.37830135,-0.14460605,0.13542192,-0.97841513,-0.7389863,-0.5947575,-0.19238783,-0.40051776,0.97953564,-0.9570849,0.53941554,-0.1292957,-0.53300565,-0.45426622,-0.13621525,1.018278,0.80477977,-0.60348785,0.051962055,-0.5886029,-1.2322838,-0.08011561,0.4309372
-0.85500604,0.060530856,-0.2116479,-0.020216899,0.9548577,0.15491731,1.2631162,0.52907497,0.02371881,-0.90571856,0.34614202,0.8692742,0.9055797,0.66303045,-0.34002,5.99E-05,0.34657076,-0.36927414,-0.3593468,0.037763037,1.3341441,0.10084931,-0.46249577,0.13579072,0.36216792,0.6141717,0.72125274,0.41523504,-0.47304082,-0.7625158,0.78522426,-0.095190115,-0.27937382,-0.20511621,0.45051748,0.30959815,-0.1535258,-0.19381413,-0.047480144,0.48605618,-0.14723472,-0.8685784,-0.8737246,-0.4141525,-1.176348,-1.2188983,-2.0573452,0.32104823,-0.67974323,0.7304169,-1.3055575,0.04796023,0.081685625,0.12314991,0.5339159,1.0294689,1.3970795,1.3424976,-0.24169624,-0.038665768,-0.001040038,-0.62212044,-0.44831136,-0.07232931
-0.33462104,0.49615443,-0.42219454,-0.5986753,0.3884741,-0.2651466,-0.23325425,0.35092166,-0.17926492,-0.61633766,0.83360887,-0.003309608,0.50914603,0.704745,-0.028868282,-0.06771037,-0.64222455,-0.46166065,-0.8406475,0.010862439,0.16484675,0.18265086,-0.13211781,0.36565858,0.7919458,-0.38500434,-0.22319292,0.061903164,0.11028326,0.08275553,-0.037844032,-0.22594066,-0.022691077,0.33522516,0.6402988,0.29869366,-0.53843015,-0.13507488,0.46894404,0.12360513,0.14926426,-0.9967858,-0.022588532,0.86589086,-0.4044981,-0.44018894,-0.51022446,-0.39221007,-0.32957715,-0.017428225,-0.543721,-0.62143767,0.20890485,-0.55528903,-0.45739603,0.19497456,0.35595158,0.3775502,-0.0739467,-0.3649628,-0.37123826,-0.47365272,0.030732766,-0.21148834
-0.38222986,0.026896084,-0.412812,-0.49383017,-0.2630848,-0.36796165,0.3943748,-0.33150128,-0.43007463,-0.39139044,0.7730215,0.18450782,0.12955523,0.8962917,0.9074812,-0.6874,0.16037941,-0.15393914,0.09140394,0.08728008,-0.2970802,-0.41481796,-0.3759974,-0.33289084,-0.3967051,-0.54102826,-0.60959244,-0.6132144,-0.05407126,0.19384779,0.52901995,0.33323488,-0.096850924,-0.23629619,-0.5119307,0.66445124,-0.13907962,0.76677585,0.09636086,0.30909446,0.29011822,-0.63796836,-0.7640469,-0.32670185,-1.0789298,0.31242767,-0.64999306,-0.5354482,0.43321925,0.11459488,-1.2351105,0.16236548,0.20292047,-0.04220224,-0.3248212,-0.011635299,0.45580995,0.10613192,0.53742343,0.26210913,-0.07244061,-0.59114623,0.3485524,-0.114355914
-0.20767047,0.4238677,-0.26157993,0.14989801,0.09793597,0.33713433,-0.60288566,-0.12342428,-0.3009865,-0.53978264,1.277417,-1.3844277,0.023425156,0.8754045,0.6489112,-0.1354917,0.5297687,-0.6121291,-0.028803647,0.19294074,-0.34057748,0.51843596,-0.49643955,0.11099386,-0.5403081,-0.7279639,-0.22019877,-0.06195661,0.18551664,0.5541882,-0.1864777,0.025659816,-0.2206468,0.33247662,-0.0324571,-0.20956713,-0.59603465,-0.44672978,0.30971065,0.21700926,-0.1165826,-0.1376935,-0.7458044,0.29091188,-0.57342315,0.9365551,-0.36285135,-0.2864635,0.9672854,-0.68186784,-1.3853277,-0.16050014,-0.84845746,0.494411,-0.38084552,-0.06605441,0.07187169,0.306469,-0.04332183,0.052336458,-0.30573386,-0.37983784,0.646859,-0.12912847
-0.005545887,0.15339908,-0.515625,-0.7074527,0.74208015,0.029959751,0.8851615,-0.015288007,0.296948,-0.12111873,0.8087215,0.005461698,0.16318855,0.55928004,-0.32437965,0.126519,0.63683766,-0.09153901,-0.35080218,0.7121673,0.5487164,-0.42755532,-0.1970747,-0.57308286,0.04328962,-1.0468451,-0.15685287,-0.010530232,0.028948179,0.40170255,0.13581237,-0.07381197,-0.7240475,0.2874133,-0.06553391,-0.24478653,-1.1262462,0.17934369,-0.12578012,0.19515434,0.6180192,-0.49082154,-0.30130804,0.56528264,-0.9353781,-0.2874982,-0.4647009,-0.22054482,0.3233617,-0.29818004,-0.5705902,0.31033856,-0.10344804,0.4965411,-0.20952867,0.033601567,0.030328697,0.5763812,0.15675266,0.19486605,-0.816998,0.31089097,-0.006331499,-0.17058764
1.4598151,1.5037897,0.7504393,1.145297,1.8887445,1.6868973,-0.41030714,-0.11194282,-0.7275728,-0.60518515,0.13187492,0.13847536,1.0978376,0.06626264,-0.47881547,-0.94401586,-2.427186,-0.59609485,-1.0205686,0.63622093,0.40748084,0.9004285,-0.38389486,0.46459788,-0.22125737,-0.15057985,1.2223645,-0.12229139,-0.015447313,0.18170713,0.002186474,0.65733767,-2.5602872,1.1214021,-1.1414967,0.73301595,-0.5417235,0.1300926,0.943365,-1.1617805,-0.1731281,-0.9232846,-1.3913741,1.8575156,-1.7715201,-0.65478843,-0.7181734,0.5807145,-0.23297958,-0.18581447,0.046333116,-0.10937152,-0.024461754,-0.4488678,-0.37351814,1.5192575,-0.5210642,1.0763166,1.5380855,-0.44670895,-2.442657,0.069618516,1.195369,-0.5280356
0.3401454,-0.25147745,-0.14115377,0.13967417,-0.21750014,-0.19206126,0.5126366,0.099589765,0.13163507,0.3000456,0.22384898,0.71610636,0.285356,0.26473632,0.24924895,-0.24902405,0.06123405,-0.5239504,-0.70273876,-0.048582803,0.08185235,0.44375324,-0.38853395,0.4926376,-0.039569866,0.28278401,0.2082358,0.2571644,0.29925114,0.3029522,0.2771144,-0.033457402,0.11348077,0.051074866,-0.13821019,-0.004621901,-0.5003755,-0.032167733,0.33758685,0.31307545,-0.004700664,-0.13536766,-0.39601672,0.27164298,-0.441751,-0.5312716,-0.56505567,-0.17683382,-0.75274235,-0.27017373,-0.8841792,-1.2189677,0.4004296,0.53519106,-0.23859149,0.44350347,-0.041565888,0.5759684,0.6104986,0.35800156,-1.1379234,0.6767163,-0.244753,0.31552067
0.2487357,-0.27219743,-0.28623593,-0.44108295,0.5273217,-0.1591891,0.28550014,0.038156908,0.25241607,0.09049101,0.15926343,0.5072753,0.4518777,0.68324625,0.19553573,-0.39462245,0.0601998,-0.001319134,-0.8676178,-0.15175012,0.09830606,0.028638035,-0.061046872,0.15274169,0.31171444,0.14379025,0.5571022,0.29089594,-0.16142546,0.60222316,0.29175633,-0.07611229,-0.4336002,0.48974207,-0.53261346,0.1313494,-0.7757807,-0.2992234,0.37356943,0.16437215,-0.089625165,-0.09590168,0.18839175,0.58827394,-0.3296867,-0.7769804,0.011339106,-0.5699409,-0.75071836,-0.020406041,-0.47686496,-0.92835766,0.06946274,0.3661835,-0.5417749,0.23124507,0.22998464,0.4431442,0.3271646,0.4153212,-1.4352199,0.27728522,-0.13681473,0.03599055
-0.083324,0.27267677,-0.54340655,-0.8487174,0.2447588,0.05110565,-0.09216797,0.58355135,-0.19372934,-1.0665563,0.011391754,0.20586443,0.660809,0.60125417,-0.12467732,0.1563163,0.09956839,-0.2901652,-0.29090014,-0.001434164,0.5800462,-0.2855222,-0.37295344,0.23226875,1.1809281,-0.2951798,-0.23536037,0.37275714,-0.2529984,0.85736173,-0.18295334,0.23434559,-0.6319004,1.216914,0.64835006,-0.5891984,-0.77466303,-0.38977733,0.007961785,0.010206042,0.44572547,-0.8974501,0.29127747,0.85668707,-1.3949223,-1.0900772,-0.014362907,-0.5737592,-0.020479586,0.20838162,-0.97487026,-0.35570133,0.27810007,0.56098866,-0.528431,-0.22292176,0.15518934,1.2616274,-0.7518675,0.5003211,-0.51304966,-1.0393927,-0.3983171,0.52217996
-0.20940442,0.07377927,-0.78655165,-0.49573565,0.13702595,-0.43599138,0.59433144,0.071677335,-0.34165114,-0.3807415,0.61765456,0.17466296,0.00844744,0.3971337,0.4927265,-0.4149025,0.30786407,-0.4971127,0.08677318,0.2041326,-0.22526908,-0.9453074,-0.35089028,-0.13057156,-0.058471628,-0.4017664,-0.54858726,0.0705231,-0.084907725,0.3815725,0.102908485,0.11037656,0.109795906,-0.27843928,-0.29755762,0.55999655,-0.4347173,0.60158336,0.32776165,0.6844617,0.35108706,-0.55839616,-1.1027594,9.57E-05,-0.6837013,0.35159504,-0.5886753,-0.610775,0.7599963,-0.07989443,-1.5106715,0.053423088,-0.18003018,0.21970211,-0.35479325,0.13307254,0.09897562,0.08260059,0.6151642,0.16918238,-0.27033362,-0.6446174,0.44138858,-0.019669982
0.035285387,0.14360298,0.23755352,0.2800894,-0.81191224,0.31250215,-1.075842,0.16442958,0.0177379,0.6053242,0.019168586,0.17170411,-0.113819174,0.76204026,-0.04945932,-0.12182652,0.45091414,-0.18740706,0.44864333,0.63440675,-0.038005594,0.09124807,0.49102756,0.91370946,0.014751698,-0.674683,0.4678738,0.065196715,-0.39243224,0.14853503,-0.23635016,0.13537784,-0.38746142,0.9882773,0.19062833,-0.3670349,-0.25405943,0.016569138,0.31616876,0.08551234,0.7207143,-0.57761115,-0.972851,0.39369386,-1.3120568,-0.2536365,-0.56104237,-0.574826,0.18601404,-0.96362114,-0.18938139,-0.7434861,0.34312144,0.2321363,-0.000734622,0.2534612,0.50475156,0.21313591,0.5843288,-0.24166125,-0.7862555,0.57530516,-0.3696436,0.3388485
-0.50575686,-0.030609835,-0.17465325,0.036003236,0.12676464,0.52513593,0.15760247,0.28362346,0.01103446,-0.5071304,0.47373778,0.31657752,0.5335276,0.5666308,-0.28389624,-0.11040902,-0.07242435,-0.5313149,-0.1819546,-0.25439724,0.53237796,0.13284889,-0.4057541,0.4042177,0.82853144,-0.000521902,0.27370518,0.14357413,-0.059557617,0.1467803,-0.10764426,0.006270965,-0.42611653,0.33062807,0.57003117,0.3005987,-0.44405204,-0.27403888,0.12446622,-0.029432638,0.14264601,-0.40078038,-0.24672942,0.40014097,-0.95076066,-0.85826814,-0.47438917,-0.25352758,-0.47228524,0.32674393,-0.48900107,0.29084274,0.07207727,-0.006939956,-0.3119893,0.0635486,0.5226049,0.9813799,-0.13747525,-0.1810463,-0.62464076,-0.8279039,-0.009565212,0.17579114
-0.12578441,0.23687473,-0.5436329,-0.9212851,0.15455733,0.13669568,-0.14030892,0.7118463,-0.15101138,-1.0486535,0.068167515,0.27434424,0.73644835,0.5080004,-0.13674062,0.17587839,0.103015766,-0.29639348,-0.371322,-0.010097938,0.49618468,-0.36185503,-0.36635178,0.21535677,1.1984121,-0.34909824,-0.27394572,0.40781087,-0.08470733,0.88125,-0.18244544,0.36394337,-0.6112675,1.3134173,0.6700005,-0.5833631,-0.7962797,-0.4898903,0.12886086,0.032753278,0.44311157,-0.8834945,0.2505464,0.95546335,-1.3323163,-1.1168401,0.021732084,-0.6843871,-0.029263036,0.17743817,-0.87289166,-0.3305698,0.33371738,0.4373982,-0.47412962,-0.21911766,0.22513823,1.1291623,-0.76813406,0.5432827,-0.4316752,-1.0034492,-0.4322693,0.6837523
-0.42127168,0.051534716,-0.5344652,-0.5103568,0.79819804,0.2693186,0.07963822,0.7096636,0.039703663,-0.7852915,0.48243618,0.16749725,0.52341604,0.5104113,-0.11507319,0.018680181,0.08463206,-0.17101488,-0.6001949,0.22047427,0.35987663,0.05482874,-0.5205316,0.19826002,0.56091,0.018518694,-0.3834806,0.24968475,-0.020115025,0.87795043,-0.20227529,0.15335591,-1.0301094,0.6955265,0.49952355,-0.067183636,-0.6477312,-0.37519485,0.19263196,0.20557976,0.30461887,-0.51167095,0.0809231,0.5624371,-1.128733,-0.78710914,-0.30641508,-0.4648704,-0.07888018,0.39724293,-0.7399194,-0.04615017,0.5113698,0.19758958,-0.64755005,0.076302305,0.0800957,1.166563,-0.20542723,0.3966201,-0.8699613,-0.66218615,-0.29692474,0.5495268
-0.052643936,0.34903577,-0.44078848,-0.8289898,0.0946447,0.06271898,-0.0566889,0.63151187,-0.17837259,-0.96793413,0.022560816,0.12664339,0.67402303,0.5523417,-0.16674708,0.23135255,0.13004158,-0.20582584,-0.3289577,-0.0177712,0.5016768,-0.3659286,-0.39809513,0.19008246,1.2070364,-0.27051884,-0.15120387,0.35276175,-0.13039057,0.94579333,-0.19732104,0.3366751,-0.6340712,1.228349,0.60203165,-0.5960792,-0.80719835,-0.4889547,0.12611943,0.006133816,0.48371097,-0.9680212,0.30034342,0.9466001,-1.3560219,-1.0587939,-0.10399931,-0.56818914,-0.0856391,0.30345538,-0.8985795,-0.37400803,0.35130996,0.50016564,-0.6436855,-0.32316688,0.19641297,1.2673912,-0.7475714,0.47597003,-0.45409396,-0.9914131,-0.41232312,0.6605851
0.16716176,0.14269413,-0.4033467,-0.01301788,0.3769511,-0.35408303,0.10139831,-0.7764695,0.6918256,-0.48829994,0.8009977,0.007672017,-0.37156928,0.8449751,0.69531846,-0.6529849,0.47858799,-0.3487789,0.053548235,-0.16060334,-0.24517223,-0.2517229,-0.6644215,0.50383586,-0.12280895,-0.15578829,-0.5000504,0.4538897,0.11331437,-0.16028507,-0.006445732,-0.1197474,0.30669808,0.9639925,0.47392452,-0.17097732,-0.75880814,0.4401901,0.523605,-0.11668967,-0.013489481,-0.3700792,-0.84586334,-0.28068316,-0.4054386,-0.43735513,-1.0515827,-0.11255696,0.4815257,0.16885039,-1.3072628,0.036606006,-0.7358298,0.045919757,0.047503356,0.10946081,-0.053102236,-0.10862487,-0.27986073,0.14753689,-0.050201464,-0.6780263,-0.20973843,-0.5512245
-0.6617702,0.21415105,-0.5193262,-0.34108874,-0.21463184,-0.060404815,-0.035202816,0.6213481,0.03919537,-0.5299235,0.49280995,0.24301648,0.4675559,0.4208301,0.027484234,-0.013324075,-0.26894975,-0.8334826,-0.9945865,-0.20931558,0.40498304,0.10119606,0.017578965,0.3186007,0.62754714,-0.52451694,-0.18675742,0.22249845,0.3785085,0.2700228,-0.16210496,0.2877752,-0.11631235,0.23656237,0.6808395,0.14626686,-0.4342058,-0.023702173,0.053770836,0.19055417,0.17180926,-0.32993612,-0.58481437,0.8341858,-0.8035018,-0.079507075,-0.13140178,-0.6099678,-0.123292096,-0.23877934,-0.55661803,-0.6832905,0.31321824,-0.36640012,-0.39665648,0.19080375,0.24895088,0.5601718,-0.23240323,-0.19971772,-0.54701406,-0.31945786,0.0868586,-0.14130144
-0.30725184,0.5034059,-0.2761959,-0.5466195,0.2058287,-0.7196213,0.5023975,-0.51798564,0.31091204,-0.6769522,0.306165,0.7307407,0.08864667,0.7522614,0.17312312,-0.52550465,0.29666924,-0.287953,0.059186816,0.24859811,-0.7269947,-0.5491368,-0.30791152,-0.039134286,-0.26144314,-0.08016296,-0.27871758,-0.1929331,-0.084935084,0.4642889,-0.027519738,0.028076084,0.5941752,0.34365034,0.26217216,0.60232615,-0.806037,0.85106087,0.50308365,0.0706752,0.20289148,-0.120863944,-0.6850032,-0.3548872,-0.8011712,-0.13057013,-0.9107071,-0.4581746,0.22214621,0.45188013,-1.173698,0.2834941,0.08531014,0.041456264,0.24228878,-0.10276849,-0.19956447,-0.004969,0.2826674,0.40181744,-0.2750348,-0.43401137,0.3100277,-0.8556889
-1.0062414,0.62642306,-0.667313,-1.3654197,0.2933961,-0.38837227,-0.0768494,0.3753499,-0.14381762,-0.2437337,0.6015323,-0.5298514,0.98716015,1.1461568,-0.34750158,-0.40435997,-0.46376458,-1.0068612,-1.2315822,-0.4629395,0.3847183,-0.34941927,0.38288066,-0.27516392,1.5382627,0.15962504,0.040412877,-0.10794389,-0.38190204,0.4897021,0.29069695,0.5471998,-1.1673993,0.5049781,0.25848415,-0.105575085,-1.9328539,-0.030719312,0.08998759,0.15745568,0.1084503,-1.50441,0.5731603,-0.119969636,-0.5719315,-0.82987237,-0.16558509,-0.30472404,-0.2966831,-0.03685085,-1.0319076,-0.10273063,0.35962653,0.2735758,-0.4805713,0.22413354,-0.18641728,0.91478807,-0.17185864,-0.2606779,-0.8833273,0.07689643,-0.67819303,0.71842635
-0.004982676,-0.39043066,-1.0421934,-0.46409178,-0.11202132,0.7036323,1.1338137,0.7583939,0.3978315,-0.8784032,0.70103043,-0.40503025,0.12404007,0.7353145,-0.103758015,-0.90584874,0.26628265,-0.5278018,-0.12699407,-0.64638484,0.34702033,-0.005355979,0.10892546,0.104300596,-0.02113174,-0.6593162,0.10308839,-0.07574041,0.24964158,-0.034371097,0.06379024,-0.10720739,-0.18347935,0.62066597,0.8104825,0.6790432,-1.033203,-0.002738381,-0.0827356,0.47680604,0.22104411,-0.75381076,-0.026492422,0.9356721,-0.079942815,-0.21583705,-1.228804,-0.22898087,-0.04821199,-0.27283865,-0.62795717,-1.1343112,1.0516756,0.12364993,-0.113617994,1.0904962,0.2174039,0.070797116,-0.41637436,-0.2215444,-0.5333257,0.5915481,-0.33641717,0.000918831
-0.18992184,-0.023990268,-0.45098552,-0.1541964,0.17837667,0.10017105,-0.007301142,0.45703575,-0.24656898,-0.66650474,0.3936172,0.1937754,0.06906582,0.5483297,-0.060488246,-0.18122308,-0.2689996,-0.67212385,-0.35473993,-0.41115817,0.17752671,0.031208372,-0.32946303,0.37183258,0.16563904,-0.18526362,0.22316961,-0.15319237,0.17994913,0.40590668,-0.0994245,-0.07936703,0.06890517,0.2413941,0.3521914,-0.306106,-0.38262075,0.039791893,0.30685332,0.08344112,0.06151461,-0.39753634,-0.3738734,0.82746273,-0.41728976,0.19758064,-0.6666118,0.068884164,-0.1597253,-0.7229612,-0.44905847,-0.43230647,0.14189494,-0.010027258,-0.40454045,0.095046274,0.22333723,0.45207918,0.15130949,0.1973077,-0.9098723,-0.19606675,0.021855172,0.09256628
0.005761827,-0.46826333,-1.0391898,-0.5482493,-0.06257904,0.7058438,1.1805484,0.828228,0.43291008,-0.9212438,0.7488733,-0.39991763,0.17344812,0.8420945,-0.17854325,-0.9499183,0.20739095,-0.5241052,-0.009913963,-0.6129071,0.39075413,0.054459143,0.15365537,0.14456585,-0.019308794,-0.6369677,0.111067355,-0.040837247,0.33058256,-0.037446648,0.050437436,-0.03077999,-0.24531424,0.545484,0.8777371,0.7550595,-0.93592304,0.056074753,-0.051245615,0.4875037,0.13125737,-0.83704066,-0.057665136,0.8535192,-0.10896862,-0.15853406,-1.1945546,-0.22044052,-0.13002798,-0.22422075,-0.65658563,-1.1778755,1.0778648,0.084316134,-0.1506058,0.9830312,0.16617616,0.052276038,-0.44721147,-0.3249211,-0.61135334,0.53871256,-0.24702872,0.05015
0.36762902,0.32866758,-0.25053138,0.26586583,0.9685789,0.019785767,-0.44460726,0.8914421,0.77458763,0.11248964,1.0731593,0.7531341,1.1150072,0.8386276,0.027311642,-0.6599463,-1.2514163,-0.7669104,-0.8811372,-0.17234819,0.5786845,0.6774802,-0.5177416,0.47044486,1.328224,-0.22465503,0.2104004,-0.03813008,0.15424383,-0.000128804,0.29390645,-0.22492601,-0.11004079,0.97647095,1.4177785,0.38402313,-0.7830727,-0.27804962,1.2157125,-0.15064931,0.16362539,-1.7895043,-0.12248153,0.77988344,-1.2082835,-1.1946497,-0.7684765,-0.41147226,-0.77800184,1.467408,-0.67504746,0.30828464,0.044435408,-0.9530531,-0.47357953,-0.18789609,0.4521933,0.88259727,-0.18397507,-1.3753834,-0.34251857,-0.72804844,-0.20544763,-0.23231228
-0.28017354,0.033973344,-0.87592345,-0.40878674,0.77972585,-0.17084584,0.37910476,-0.047108594,0.3053969,-0.23705463,0.16711815,0.38395,0.65577835,1.060702,0.053827833,-0.15775973,0.07017746,0.21070926,-1.2713327,-0.39887923,0.56222034,0.12909004,0.2843647,0.30690256,0.8491766,0.098046154,0.26637763,0.25603452,-0.78573257,0.688965,-0.1385216,0.069148,-0.42193472,0.83550906,-0.15617155,-0.09108811,-0.9519305,-0.119194955,0.67839855,0.005591735,0.01930464,-0.7172145,0.14197466,0.3247445,-0.4227538,-0.7426226,0.04537166,-0.33800524,-0.40607715,0.18274021,-0.6839767,-0.5320004,0.32478246,0.28163874,-0.4917669,0.25217932,0.087638944,1.0937251,-0.23013149,0.35069388,-1.039394,0.015972115,-0.371869,0.40094155
0.21218815,0.23326275,0.3365213,0.038628083,0.34405568,0.15517935,0.28419614,0.31593564,0.6622567,-0.14044246,0.43808955,0.3915148,0.25399604,0.76020676,0.024104962,-0.29998922,0.23478903,-0.6205357,-0.006196073,-0.34322527,0.7379218,0.62945145,-0.7587814,0.54516673,-0.043782897,-0.031869203,0.9600557,0.32298443,-0.066571176,0.13447215,-0.012731064,-0.16947883,-0.3270923,-0.10290844,0.34838554,-0.017796565,-0.40821746,0.08427536,0.15524977,0.019083327,-0.28549466,-0.64337,-0.2662741,0.44996512,-0.8757827,-0.57452285,-0.6484726,0.011470342,-0.5825125,0.5667996,-0.5097259,0.2756799,0.18749553,0.37056306,-0.16088866,-0.20061117,0.6447111,0.9871286,0.51802754,0.014749304,-0.5678175,-0.6178903,-0.15331373,-0.058878038
-0.37620935,0.17858249,-0.59186554,-0.2620025,0.17197596,0.047928754,-0.09603635,0.2914045,-0.16708204,-0.74747694,0.39854723,0.3581319,0.282316,0.54676193,0.09031468,-0.37499988,-0.15292172,-0.27191126,-0.64598703,-0.16123882,0.31713974,0.121721506,-0.23032327,0.3402267,0.70373535,-0.22049616,-0.30788878,0.16067603,-0.005346983,0.33451253,-0.2618447,0.07141002,-0.40652588,0.5027093,0.3622928,0.075628564,-0.5953179,-0.062464207,0.16823523,0.12480977,0.053803224,-0.40763578,-0.23100059,0.832548,-0.6062275,-0.30370703,-0.23656844,-0.16463464,-0.1206111,-0.3238245,-0.44418994,-0.32402492,0.1238742,0.026299443,-0.5036085,0.11571162,0.35836205,0.6475197,-0.23528576,0.04914645,-0.55731,-0.22415343,-0.08980124,0.3562083
0.2268728,1.0947397,-0.47696918,-0.09023021,0.8457774,0.982361,-0.028355896,0.9443646,-0.2503174,-0.4981322,-0.20685942,0.4922784,0.14292015,0.5941582,-0.97136784,-0.5846563,-0.30100325,-0.57819456,-0.34018487,0.23963048,-0.5295259,0.5918467,-0.64696157,0.39704466,-0.7691798,-0.9828158,0.18086517,-0.31358778,0.46020204,1.3089051,-0.032023422,0.4618749,-1.4347813,0.39622587,-0.071437865,-0.041958943,0.24603945,0.28285807,-0.80478096,-0.3524546,-0.29128882,-0.34609735,-1.1007383,0.11200921,-0.3773857,0.011286581,-0.6411592,0.13485928,0.12255474,0.4083875,-0.22823083,0.069971934,0.83656406,-0.038555402,-0.24388301,0.3048309,-1.0516479,0.050852586,0.6490998,0.16931866,-0.014637109,0.13275558,0.42282483,-0.029349465
-0.16909836,1.2125893,-0.33199102,0.20877656,1.1190693,1.0290285,-0.004789737,0.8087488,0.049648266,-0.067671336,-0.04687798,0.551471,0.5710691,0.5202207,-0.9717525,-0.43725663,-0.34212965,-0.32873484,0.74934274,0.40967566,-0.10085996,0.049436726,-0.1588402,0.07915477,-0.37374294,-1.0516331,0.6535936,-0.13902107,0.49869817,0.7001987,0.06087166,0.83650696,-1.4753876,0.34792906,-0.5009522,0.9059234,0.10836173,-0.27111533,-0.15820536,-1.042303,-0.094285555,-0.08694075,-1.1210042,0.3110383,-0.5758866,-0.04056132,-1.0432457,0.22213888,0.36030573,0.61481786,-0.32683468,0.29188326,1.0665582,0.232303,-0.6491561,0.62271756,-1.065182,-0.05967373,1.1133,-0.35667488,-0.34411553,-0.16905732,0.6702593,0.27402148
-0.9537176,0.23713747,-0.72548884,-0.5765915,0.3159499,-0.22823845,-0.60291415,0.47321853,0.1763601,-0.5660714,0.8625782,-0.115253836,0.55172217,0.56646115,0.07122871,-0.1112475,-0.38336694,-0.42883685,-1.1205477,-0.18420367,0.08460764,-0.113887094,0.026488468,0.5925202,0.7121856,-0.5927904,-0.027017837,0.15970995,-0.004589409,0.20011142,-0.29585692,0.14298686,-0.32057822,0.40252954,1.0811573,0.5248534,-0.8480968,0.15623377,0.25553942,0.4690876,0.29024106,-0.49556664,-0.60941815,1.116643,-0.6950505,-0.3324799,-0.3274969,-0.4787829,-0.3453363,-0.31896523,-0.8428802,-0.92854637,0.40268362,-0.13957855,-0.5123814,0.4638283,0.03794074,0.18368895,-0.25475207,-0.40139782,-0.54277134,-0.36167815,0.096951365,-0.2571372
-0.21662965,0.004616454,-0.63419574,-0.23155476,-0.24846153,-0.1449965,0.30375156,0.10798743,-0.31126007,-0.3802983,0.37698025,0.002806083,-0.19697359,0.39606848,0.18324766,-0.42150754,0.05586092,-0.6465716,-0.6623936,-0.363545,0.182315,-0.43612686,-0.06925031,0.25345713,-0.03693924,0.03389718,-0.07739873,0.15325904,0.10876066,0.38378274,0.23773435,-0.003327029,-0.35852483,-0.07853942,-0.03467193,-0.054689784,-0.46671677,0.2018924,0.11842366,0.32577172,-0.08732947,-0.50784457,-0.5004574,0.6631578,-0.46613926,0.3195885,-0.5746162,-0.20436138,-0.0559935,-0.39506882,-0.629128,-0.21137483,0.034493297,0.011587215,-0.25302884,0.06869073,-0.09072814,0.4295492,-0.016050668,-0.4837685,-0.39278677,-0.076058276,-0.06684468,0.059324957
0.4237257,0.24446577,-0.70071805,-0.21240523,1.7502207,-0.66722196,-0.35763055,0.81282645,0.25218043,-0.741436,1.4196041,0.98647076,1.0070006,1.2107489,-0.20287058,-0.64947385,-1.9231243,-0.997792,-1.2777992,-0.33929625,0.2211941,0.07829666,-0.08867112,0.023694508,1.871064,-0.37460944,0.30373523,0.25304154,0.00626238,-0.32694378,0.46570134,-0.46016145,0.31413007,1.1862175,0.774119,0.53655064,-0.17630838,0.081095636,1.6146641,-0.3859782,0.6760727,-2.6274693,0.32993892,1.080592,-0.9374471,-1.3651565,-1.1047394,-0.8321962,-1.4145467,1.4617825,-1.5424846,0.00134616,0.2556049,-1.5212455,-0.48919737,0.09495086,0.73785615,0.4696759,-0.4934267,-1.3013223,-0.10744149,-1.0852253,-0.17975008,-0.50792307
-0.019902416,0.6181178,-0.6669307,-0.55191064,0.38420695,-0.5428032,0.16828734,0.077528745,-0.13224462,-0.6431874,0.91383946,0.024506463,0.70888186,1.1434798,0.24192165,-0.06912187,-0.64860296,-0.29269522,-1.093255,0.8662555,0.10967356,0.45551184,-0.20688108,-0.18267214,1.2951511,-0.31946784,-0.5123242,0.4008323,0.3077971,0.0926407,0.09819616,-0.3638289,-0.02084223,0.46778426,0.70826226,0.25986835,-0.7735669,0.1791246,0.42872044,0.19460426,0.23566963,-1.556407,0.022135468,0.7152202,-0.5557434,-0.78039974,-0.5609839,-0.6307622,-0.5677289,0.5824646,-0.45474142,-0.5648943,0.382694,-0.8546555,-0.49071762,-0.06963484,0.46659482,0.08595387,0.099139236,-0.5223391,-0.26594236,-0.29970592,-0.17875658,-0.21219963
0.29788148,0.5235751,-0.5742176,-0.4235306,-0.06467157,-0.09634809,0.11906415,-0.1813375,-0.14908917,0.17700095,0.7009261,-0.36856344,-0.11433126,0.52759755,0.26181617,-0.05816267,0.16541567,-0.73431945,0.51293606,0.1911516,0.24505118,-0.16037917,-0.37023523,-0.735389,-0.075175874,-0.7321212,-0.8333044,-0.30261505,0.570696,0.6554215,0.5652029,0.13051376,0.16709447,-0.2130664,-0.5334079,0.08014616,-0.38615426,-0.01914215,-0.20593734,0.57280207,-0.116533704,-0.13968642,-0.5999578,0.1896145,-0.8115734,0.1531129,-0.45546946,-0.68391883,0.29072735,-0.7244071,-1.1840835,0.14066036,-0.46839502,0.41972417,-0.46696472,0.6409134,-0.033727515,0.35297224,-0.041116316,0.22265966,-0.24046253,0.18820882,0.3515074,-0.055081304
0.009883072,1.0516367,-0.4411428,-0.7468273,0.515442,-0.5558742,0.07014007,0.050838124,0.15564762,-0.78670794,1.4149987,0.11383455,0.9821547,1.4961754,0.46224508,-0.116143025,-0.8553162,-0.31588185,-1.0188848,0.7368026,-0.05212423,0.35899383,-0.1603474,-0.19327863,1.7768798,-0.8965565,-0.1156494,0.21817939,0.3080427,-0.034611654,0.26068383,-0.5586152,0.111880705,0.5742488,0.7724333,0.5105132,-0.6748114,-0.06706148,0.5222692,-0.13257813,0.08122566,-1.8562791,0.041052453,1.1577778,-0.43400377,-1.3822253,-0.5002112,-0.68405974,-0.71419334,0.7456436,-0.37795404,-0.41893774,0.19223575,-1.1987153,-0.3688079,0.10221825,0.3036497,0.12751725,-0.0828655,-0.502931,-0.17676523,-0.6063778,-0.05010738,-0.38964114
0.7423085,0.36269742,-0.36481243,-0.39664403,0.6904587,0.11831946,0.16682649,-0.8500753,-0.026564341,0.11534287,0.29073104,0.22062646,-0.7138687,1.0176127,-0.04427702,0.5236995,0.21190561,-0.82588357,0.4667006,0.07932358,-2.1171727,0.07381507,-0.6956007,0.5901516,-0.007754713,0.054275453,-0.36658037,0.24529584,0.18964042,1.0072712,0.78622526,-0.10325035,1.2927272,0.660229,0.44547293,1.034433,-0.6781384,-0.029166851,0.19835474,-0.2498373,0.49630433,-0.44341198,-1.8284813,-0.022479644,-0.43040434,-1.2857218,-1.0689958,-0.4380184,1.1385444,0.58819705,-0.8929753,0.08065853,-0.2927063,-0.5011434,-0.09994065,0.014360073,0.18586029,0.62133616,-0.3987228,-0.04521217,-1.7580404,-0.042687073,0.35304663,0.09357747
-0.51722413,-0.20414053,-0.92678195,-0.9809807,0.6420954,-0.0494795,-0.13338882,0.709274,-0.24780054,-0.37873012,0.43140396,0.076381,0.11806604,0.47520882,-0.4626796,0.053588733,-0.19996858,-0.27023372,-1.0277382,-0.41636583,0.55173665,-0.09941275,-0.531819,0.24393752,0.7419225,0.18053222,-0.25182354,-0.13557848,0.10832743,0.40714675,0.5014968,0.42501712,-0.89823127,0.34218726,0.5532264,0.16278589,-1.1593931,-0.4775121,0.49303466,0.5973737,0.26842266,-0.67726004,0.07240516,0.6346038,-0.9130511,-0.50092745,-0.46774143,0.19578362,-0.084138766,-0.21012744,-0.87829494,-0.7311295,0.27911326,0.04174079,-0.69287854,-0.021992315,0.41235483,0.25178525,-0.45799112,0.14834811,-0.76597464,-0.830767,-0.48980886,0.4903398
-0.3567549,-0.11782661,-0.6238466,-0.16507731,-0.099499576,0.32801366,0.24959916,0.41854817,0.057794116,-1.231435,0.56504524,0.19026788,-0.03938335,0.4823808,0.15712334,-0.10551292,-0.17768078,-0.56036574,-0.66852456,-0.60148424,0.26943955,0.0823877,-0.09714921,0.9819958,0.6828454,-0.43531987,0.11629747,0.6170746,0.004617902,0.48667058,-0.1972108,-0.14365421,-0.4338775,0.17186274,0.5977897,0.19896427,-0.5027164,-0.0592158,-0.14917053,-0.03582284,-0.03796237,-0.29637143,-0.24537161,0.90867084,-0.7734261,-0.4377774,-0.46735725,-0.5751703,-0.08648322,-0.1717181,-0.57512945,-0.096789226,-0.16119497,-0.09097179,-0.80950165,0.4289572,0.50598574,0.6301914,-0.6759405,0.03789175,-0.72797495,-0.56838995,-0.35273173,0.09650814
-0.066580355,0.7282409,-0.6474572,-0.69789183,0.7469569,-0.44950843,0.095747404,0.45641524,0.3979064,-0.5504402,1.0076964,-0.099994116,0.04777844,0.72005403,0.44666177,-0.025471054,-0.43970573,-0.38659427,-0.6159606,1.1796216,0.27837184,-0.39896223,-0.36175603,-0.47514448,0.8521343,-0.02133672,-0.6183858,1.1029686,0.32923976,0.31313282,0.32252812,-0.52294374,0.2035572,0.30251274,0.20211217,0.5361543,-0.5059633,-0.5812999,0.24699932,0.29510897,-0.030132495,-1.2483679,0.4706786,0.27791712,-0.731406,-0.81498253,-0.96878797,-0.45188925,-0.40064582,0.6444439,-0.20543745,-0.3211962,0.1500577,-1.0670445,-1.0086857,-0.18254654,0.6012551,-0.37964138,-0.32371107,-0.71816415,-0.093234226,-0.4405334,-0.3521565,-0.42594892
0.0905462,1.0074704,-0.46733138,-0.7655991,0.4791072,-0.60058624,0.05211467,0.089459695,0.1359624,-0.83954084,1.462006,0.08752966,0.919734,1.5563678,0.41584185,-0.19687314,-0.85927147,-0.39353886,-1.0691711,0.676356,-0.09698911,0.38127738,-0.116542734,-0.16954099,1.7359772,-0.920176,-0.11799266,0.24940696,0.30615652,-0.010082345,0.24619758,-0.55024976,0.06690021,0.5951516,0.83841735,0.52201134,-0.72239053,-0.11244265,0.45015284,-0.06501834,0.1817641,-1.9055548,0.04234336,1.2312385,-0.4244046,-1.4740068,-0.49919313,-0.64618194,-0.74774235,0.70586365,-0.31378424,-0.42355755,0.1787694,-1.2448776,-0.3819988,0.123220325,0.28459525,0.12976669,-0.11750433,-0.53627837,-0.13814394,-0.62854874,-0.03102718,-0.5031377
-0.24954225,-0.26602477,-0.60914755,0.005557956,-0.44021943,-0.12035916,0.8206735,0.19910845,0.26628587,-0.17988709,0.50170213,1.0175337,0.8806727,0.5274874,-0.06427285,-0.33957335,0.27590665,-0.4899014,-0.8298649,-0.19203739,-0.1726209,0.007415986,-0.7085226,-0.01719605,0.17971325,-0.08846304,-0.11020737,0.3059726,0.45495766,0.23914324,0.18143088,0.09216705,0.1510253,0.004751793,0.7554292,0.3162007,-0.5128249,0.3964303,0.2254706,0.30575135,0.23093022,-0.26998773,-0.08902357,0.14715509,-0.31228846,-0.94121903,-0.3912475,-0.54162276,-0.18443006,-0.3329477,-0.62725884,-0.87167054,0.46618348,0.019569537,-0.15124169,0.6585062,0.5580907,0.502421,0.964718,0.1985256,-0.65554184,-0.055672698,-0.48563576,-0.305049
0.1409428,-0.74337965,0.28928873,-0.09914929,-0.7725611,-0.14968812,0.3875653,-0.03947432,-1.2861382,-0.33044592,-0.46979418,1.4672041,-0.3327472,1.7085959,0.055739798,-0.73672575,0.6080957,-0.82429606,0.7601608,-0.23587006,-0.9210596,-1.2968165,-0.39872947,0.4596181,1.0980692,-0.29524216,-0.09751025,-0.47048837,-0.4512183,0.6880227,0.39258623,-0.043228485,-0.105408065,-1.0516071,0.18401448,0.52022725,0.1263303,1.1017382,1.0357316,-0.021130422,-0.029700838,-0.9968083,-0.39468953,-1.5111469,-2.215696,-0.34010875,0.014001181,-0.3568954,0.6254316,0.73468417,-1.0252155,0.6339233,-1.497261,-0.8685474,0.27028176,-0.75574076,0.99200857,0.60906655,0.09084443,0.98086417,-0.47915894,-2.5788777,0.6649886,-0.7415041
-0.542814,0.14390224,-0.55478996,-0.06337984,0.19194561,0.3160988,-0.08523532,0.3112593,0.21498385,-0.562018,0.40521944,-0.041651383,0.64476424,0.5823733,0.19307889,-0.10973502,0.00870275,-0.6429085,-0.7810931,-0.09580519,0.46034062,0.27437094,-0.3252638,0.094276324,0.7247592,0.09918225,0.05314182,-0.12873545,-0.07850265,0.37335128,-0.34825355,0.18681888,-0.49626595,0.62312996,0.5856765,-0.009277426,-0.5040197,-0.29714406,0.43235016,0.056424234,0.1328592,-0.44239652,-0.11088655,0.6134386,-1.0636988,-0.5432051,-0.37533846,-0.11306123,-0.11955534,0.31738162,-0.7529733,0.018919213,0.57072735,0.23780075,-0.4157862,-0.2859933,0.33620757,0.89007217,0.04307509,-0.22747463,-0.5368991,-0.60058826,-0.12284544,0.5411816
-0.8476147,-0.15774217,-0.63551927,-0.14498375,-0.07069765,0.045255326,-0.21314803,0.07252171,0.14688878,-0.7388804,0.079013765,-0.11201048,0.5414604,0.6473174,0.046779614,0.16830088,-0.074827366,-0.30448112,-1.0849093,-0.6027559,0.26487538,-0.01874475,-0.031689942,0.37163252,0.6793911,0.45312947,0.1462659,-0.45682856,-0.24917549,0.80590504,-0.44248384,0.27650052,-0.3190137,0.8318498,0.44883195,0.019606424,-0.6708846,-0.4578068,0.73912853,-0.29159766,-0.08758195,-0.20202602,0.061802473,0.7428246,-0.5937595,-0.4671864,-0.5898207,-0.13027331,-0.18142453,-0.035037857,-0.947432,-0.51442933,0.7018355,-0.015510232,-0.5136661,0.09708407,0.091556855,0.4533641,-0.1359892,-0.3128945,-0.7701119,-0.09919155,-0.22511566,0.53425366
-0.42078224,0.42990458,0.08771746,-0.32352728,-0.057772603,-0.5260691,0.27203152,-0.063818306,0.52441335,-0.58576536,0.51175,-0.5069998,-0.5116889,0.48575518,0.6521851,0.6602796,0.042159025,0.10247137,0.22658657,0.70256215,-0.6082444,-0.5324077,-0.32926193,-0.051073384,-0.8029542,0.8481505,0.5691115,0.4783806,0.5034817,-0.049611375,1.8592637,0.37430325,-0.18473274,0.044026528,-0.509803,0.2881847,-0.67265546,0.12781376,0.51925284,-0.38563138,0.4163552,-0.44170544,0.048836935,-0.1013708,-0.7012581,-0.71744734,-1.5196601,-0.96704173,-0.29445913,0.5260902,-1.7738786,0.50903827,-0.08548557,0.14919116,-0.13675974,1.1222732,0.34085193,0.9219537,-0.45406878,-1.4591751,-0.77533597,-0.7063266,-1.3113228,-0.7035119
-0.589934,0.081512384,-0.4197994,-0.4614466,0.10687425,0.2243549,0.22168425,0.6639123,-0.014545944,-0.43950754,0.52399397,0.20460053,0.53923386,0.45880055,-0.18983121,0.032001186,0.09937552,-0.34629297,-0.6430483,-0.1461985,0.45676005,0.08195689,-0.33825645,0.017642157,0.6792244,0.076806486,-0.4033165,0.27497938,0.15754315,0.7633892,-0.23322847,0.3667298,-0.7105914,0.8846102,0.3496624,0.0594827,-0.577765,-0.34463334,0.39951462,0.15553255,0.2481602,-0.5766626,-0.06815608,0.9458735,-1.0846798,-0.63653183,-0.11833847,-0.3392351,-0.25208107,0.11102446,-0.66090906,-0.23021692,0.2539801,0.19429232,-0.71978515,-0.26966974,0.27621028,0.9444305,-0.35733286,0.14746034,-0.6561761,-0.3818491,-0.19814444,0.5563394
-0.41272098,0.012770255,-0.5203608,-0.10984185,0.11440494,0.20144518,0.2935519,0.29946154,0.074455194,-0.5688245,0.47426197,0.48772046,0.60708123,0.40565842,0.03890508,0.05762084,0.12892397,-0.18708177,-0.76536286,-0.18803956,0.17251825,0.16049097,-0.3386297,0.11537295,0.7929381,-0.03905746,-0.09766533,-0.008533573,0.03958576,0.34838346,-0.20474505,0.1193443,-0.426867,0.48697004,0.65722805,-0.007751575,-0.5115787,-0.1472275,0.2712291,-0.19313371,0.14648174,-0.28965914,-0.20003602,0.49343482,-0.7388937,-1.0166063,-0.13848962,-0.40506062,-0.015537059,0.22683151,-0.5665696,-0.23273374,0.17472787,-0.010829544,-0.2970397,0.19473484,0.35451669,0.78920424,-0.046470765,0.10635974,-0.4872776,-0.5568598,-0.31759775,0.34985533
0.08976665,-0.23094709,-0.4561985,-0.117987946,0.12018808,0.3042196,0.280163,0.26817405,-0.16378103,-0.35689667,0.48969287,0.61604714,0.43383518,0.25268438,-0.13265915,-0.32843074,0.019495532,-0.46032053,-0.57393885,-0.15283497,0.07090586,-0.0764036,-0.46540445,0.21451633,0.22601011,-0.12444298,0.2551062,0.13896975,0.6154184,0.28216648,0.28723285,0.026891356,0.026233424,0.056577355,0.41365474,-0.14494945,-0.017231226,0.32883877,-0.13659073,0.2726875,0.19371386,-0.29472533,-0.23464037,0.26692453,-0.29227963,-0.03862619,-0.47900096,0.09517837,-0.095449716,-0.6101333,-0.47631833,-0.46220833,0.35579324,0.10044573,-0.25738752,0.27964798,0.4983502,0.6472522,0.74198306,0.5952142,-0.90962887,0.09072249,-0.12221773,-0.23826288
-0.023048434,0.41496286,0.49292007,0.17988844,0.06544385,-0.042431023,0.5140212,0.058548983,0.5810718,-0.59019816,0.34781003,0.57007086,0.07875073,0.40821064,0.15651597,0.31156424,0.22911684,-0.21782099,0.28481317,0.06444194,0.530209,0.18152654,-0.4698373,0.49758652,-0.09620857,0.38508216,0.66754216,0.17590718,-0.08491377,-0.00034454,0.39297014,-0.003684948,-0.06062915,-0.10778827,0.092570744,0.2814069,-0.24346535,-0.20168087,-0.27762842,-0.11901277,-0.001084624,-0.5225051,-0.17933124,0.27097154,-0.783997,-0.8702448,-0.7085209,-0.2281718,-0.15624875,0.5087133,-0.11212445,0.024171712,0.57939166,0.15767674,0.19250906,0.59205383,0.49738994,1.111421,0.42910594,-0.2730022,-0.24719246,-0.7703979,-0.16330987,-0.3031607
-0.43435216,0.026057476,-0.4064452,-0.49264684,0.6988998,0.182083,0.33961788,0.80271465,0.09808959,-0.7496062,0.38611192,0.08483636,0.5411159,0.45731977,-0.20414297,-0.15296866,0.18577977,-0.20465592,-0.41110677,-0.022612464,0.59229046,-0.02010149,-0.47991487,0.07401351,0.5438603,-0.032465655,-0.14178741,0.37929493,0.11390066,0.7043616,-0.17173003,0.27858818,-0.7560708,0.90513855,0.5613255,-0.022282494,-0.5796626,-0.28207454,0.16750099,0.20118058,0.32632482,-0.471715,-0.004300617,0.8421212,-1.2630733,-0.7258564,-0.22326672,-0.65600485,-0.06771128,0.15216136,-0.6054458,-0.055405945,0.51960945,0.2783023,-0.6463476,-0.13163194,-0.056042995,1.1081753,-0.35571954,0.25695238,-1.0637212,-0.48257804,-0.15699507,0.35043573
1.2965218,0.059199844,0.34031293,0.14718275,1.2089622,1.0367447,1.0539799,0.8275566,0.4355794,-0.95047766,-0.13625903,0.28716832,0.8527363,1.106694,1.413326,-0.10644939,-1.0816938,-0.91366506,-0.089142546,0.29087523,1.3090944,-0.29773396,0.9003704,-0.12222996,1.815518,-2.5028675,1.701395,0.23832217,0.82806873,0.07886298,0.9919191,1.1398145,-2.0193543,-1.9679639,-0.7253566,0.1303779,0.72032577,1.0302587,-0.7010928,-1.2927638,0.028493706,-1.0829811,-0.90310156,0.105753414,0.37964308,-1.4138869,-0.62787545,-0.9990512,-0.10766982,-0.19177996,0.1275433,0.2383811,0.062347833,-1.0590321,1.2069479,1.555929,1.2840475,0.13414046,0.20716712,-0.54789615,-0.3943185,-0.84793586,-0.044823978,-0.15474552
-0.055114754,1.1048847,-0.33994818,0.22790301,1.6156641,0.7326588,-0.17584544,0.6457096,0.16195545,-0.111240044,0.057949826,0.8871561,0.43058583,-0.027811611,-1.7845765,-1.116147,-0.7654338,-0.55826765,-0.49035186,-0.16904408,0.12114636,0.19411694,0.29757196,0.6001262,-0.032361683,-0.7264038,0.9735821,-0.016414832,0.30305406,0.6251522,0.9163062,0.7570488,-1.7446272,0.31670794,-0.8852882,0.78641504,-0.21465036,-0.03598271,0.16469683,-1.0110179,0.10537945,-0.3127092,-0.8554459,0.7842939,-0.46768194,-0.17739965,-0.91486746,0.488393,-0.48241338,0.71900696,-0.003074595,0.007980472,0.53159654,0.01671246,-0.000444992,1.4038254,-1.0158266,-0.23428527,0.7650054,-0.63355565,-1.2119015,0.000585419,0.8321499,0.40215534
-0.27889454,0.03454313,-0.27381852,0.23807597,-0.017656343,0.54657614,0.08104249,0.2427418,0.3412901,-0.7557276,0.4250574,-0.16776639,0.44010738,0.628691,0.28312153,-0.4009228,-0.1289095,-0.95451283,-0.53094655,-0.45548412,0.53860384,0.47534043,-0.6203837,0.42911878,0.39766076,-0.020707835,0.4963638,0.21131785,0.004165313,-0.08862897,-0.25118425,-0.15426941,-0.30635896,0.36147147,0.83149004,0.106645964,-0.36393565,-0.38487935,0.46263945,0.10206661,-0.16521922,-0.44012263,-0.5139032,0.7979326,-1.308807,-0.56037676,-0.58881396,-0.13954,-0.10538459,0.2765744,-0.7776176,0.25259858,0.40845016,0.32278877,-0.003623578,-0.087593764,0.5202293,1.0690306,0.42361617,-0.51517236,-0.64025754,-1.008775,0.04363965,0.20186828
-0.4659674,-0.006103191,-0.06487648,-0.28696904,0.7245191,0.46623608,0.28677577,0.50241005,0.17181572,-0.8390273,0.34191725,0.4927035,0.6854905,0.75742227,-0.43125898,0.23533626,0.045147073,-0.1707535,-0.32773957,0.17350668,0.64818186,0.10328791,-0.77981406,0.26048797,0.16634518,-0.28323898,0.33870935,0.41344732,-0.12477153,0.42161706,-0.20951119,0.04092521,-0.4758459,0.41155595,0.5829917,0.20108023,-0.6076287,-0.6507964,-0.28955832,0.032173578,0.22763881,-0.38365403,0.12488417,0.4077608,-0.99258596,-1.0235116,-0.53080696,-0.47520658,-0.22469682,0.4596747,-0.5621716,0.10281699,0.34246033,0.25171494,-0.31697795,0.31448913,0.11506707,1.2498584,0.14563681,0.38128683,-0.95576113,-0.88984835,0.106458336,0.109773226
-0.25450692,-0.512078,-1.0473859,-0.5354076,0.9300024,0.6510937,-0.15143809,0.19328375,-0.39890087,-0.7342337,0.1999602,-0.29614094,0.42482442,0.95128167,0.2798154,-0.34629962,0.34783447,-0.26927677,-1.2033184,-0.8278105,0.2681336,-0.17475554,-0.2572694,0.33699742,-0.036618717,0.99596184,-1.1363039,0.4509789,-0.2898455,0.6599516,-0.39357376,0.46182492,-1.4690832,1.3781556,0.745678,0.02041403,-1.5141375,-0.9824603,0.15795964,1.2912921,0.41111562,-0.7973766,0.8801168,0.58559275,-0.8862025,-1.5128667,-0.4911382,0.39220968,0.08139195,0.3943574,-0.9411392,-0.18370108,-0.04346025,-0.08733609,-1.3516395,0.535965,0.23030551,0.88288325,-1.0223755,0.25395945,-1.5376266,-0.6183845,-0.07552276,0.44952467
-0.36253265,0.039790936,-0.58746666,-0.5103135,0.7237284,0.2754307,0.15934193,0.69873834,0.083409026,-0.73592097,0.4381869,0.14643583,0.48809355,0.5006784,-0.06675983,0.033940256,0.078096695,-0.19120505,-0.5871641,0.27790236,0.3467096,0.049002595,-0.5708375,0.24179567,0.5461869,0.003970284,-0.3479682,0.21564402,-0.023529574,0.79136854,-0.16070546,0.09024557,-1.006078,0.61708856,0.5598979,-0.05516462,-0.5790563,-0.38214645,0.19804195,0.162333,0.286591,-0.5159934,0.040023033,0.5584501,-1.1078663,-0.74568653,-0.31749678,-0.4521638,-0.053843696,0.36329725,-0.73620075,-0.026387373,0.4530156,0.21064211,-0.6717924,0.06274396,0.15946004,1.1426806,-0.17150137,0.41936392,-0.80434,-0.6177031,-0.26586494,0.52107507
-0.24313301,0.13615908,-0.4346671,-0.15021473,0.24097729,0.028198054,-0.074039735,0.383426,-0.44287512,-0.9555134,0.21074338,0.38602924,-0.10227361,0.8153875,-0.07746701,-0.23320019,-0.3976573,-0.9055753,-0.46571565,-0.24624224,0.14920372,0.32867676,-0.11167156,0.58830833,0.14256431,-0.2308498,0.055532984,-0.3071742,0.323127,0.22736928,-0.005785705,0.039061103,0.09805523,-0.0808721,0.060631722,-0.34755388,-0.23347935,-0.10145281,0.36329204,-0.047260012,-0.051889442,-0.5154178,-0.093106374,0.9598483,-0.58160543,0.08634286,-0.5710183,0.012213658,-0.19175394,-0.77731353,-0.3711942,-0.2770677,0.14746475,-0.2862713,-0.33302987,0.20630588,0.39973152,0.76089966,0.1660684,0.3627997,-0.9794287,-0.5435135,0.02797033,-0.12008767
-0.5422995,0.0481266,-0.44600508,-0.44511133,0.1600466,0.22841488,0.31340528,0.67880803,0.02280785,-0.47047824,0.58231646,0.14434698,0.5091153,0.5144329,-0.20386589,-0.050253995,0.051223863,-0.24867554,-0.6407942,-0.15222576,0.43927765,0.05512674,-0.2710993,0.020270381,0.64802617,0.019283712,-0.39559385,0.16801268,0.14809088,0.81223047,-0.21969908,0.37383848,-0.7298985,0.88790333,0.383941,-0.09608186,-0.65142363,-0.39455682,0.38241264,0.12622173,0.23202637,-0.5814759,-0.041482322,0.8360501,-1.1193498,-0.69662374,-0.13236526,-0.33601812,-0.20229459,0.07657692,-0.6431838,-0.12495122,0.25798473,0.17912665,-0.70019287,-0.20933229,0.22383194,1.0160228,-0.35228541,0.11182111,-0.70363885,-0.3942895,-0.1618917,0.6421433
-1.6930968,-0.17549159,-0.41067746,-0.36098686,0.031531353,0.34329143,-0.34649923,0.06708909,0.4647152,-1.07765,1.375969,0.16956264,0.11374932,1.0904648,-1.3611517,0.480369,-0.44816834,-0.9530718,-0.006226954,-0.36348006,0.36205393,-2.0270736,0.3251624,0.3745209,0.90032643,-0.32070333,1.0460341,0.65353334,-0.38025954,-0.28043061,-0.3416239,0.7395218,-1.1614867,1.1110628,0.7437608,-0.5141279,-1.6348007,0.13436837,0.56165344,0.096591696,1.2956098,0.010752829,-0.09457392,1.1721207,-2.1104865,-1.213885,-0.9622587,0.652572,-0.62583464,-0.6197872,-1.2163252,-0.44289514,0.61862886,1.0486228,-0.5927425,0.58981174,-0.3004897,1.6249046,-0.16494195,-0.71009994,-1.1342808,-1.0121319,-0.71616435,-0.15535402
-0.21851678,0.1066355,-0.5051735,-0.6952594,0.6140974,0.18769853,0.101982474,0.76160085,-0.006242525,-0.9394241,0.057948437,0.046247058,0.6164096,0.50917965,-0.16429944,0.022315491,0.10689215,-0.1253268,-0.20637612,0.15251811,0.52924013,-0.12678692,-0.5441979,0.19506773,0.7645874,-0.17814268,-0.073382616,0.5002161,-0.14434804,0.718181,-0.18835261,0.21941458,-0.8107549,0.9811215,0.8262578,-0.33261806,-0.6821997,-0.43145952,-0.081427835,0.112783335,0.38128453,-0.7272984,0.19510478,0.75602037,-1.2093499,-0.9787296,-0.27825996,-0.7096195,-0.08304203,0.23876815,-0.79288274,-0.15991205,0.42679176,0.5067225,-0.52445847,-0.08158476,0.020635419,1.121792,-0.36908567,0.46704686,-0.6931453,-0.8235692,-0.29511714,0.40322334
-0.62381184,0.019956099,-0.39607826,-0.66291714,0.2004309,0.13121071,0.26769176,0.84696233,-0.009026389,-0.4297075,0.7203997,0.07981339,0.56272423,0.383704,-0.27675742,-0.21699677,0.19877504,-0.3300201,-0.5531581,-0.30035493,0.50725317,-0.10428669,-0.31475934,-0.00686169,0.60022354,-0.07752035,-0.39661184,0.28112537,0.3277304,0.9424213,-0.15259418,0.50788486,-0.7148137,1.0370011,0.4609311,-0.08191685,-0.62571406,-0.39232308,0.40719992,0.20595725,0.21813247,-0.6672975,-0.097419634,1.0950912,-1.268794,-0.5907727,-0.084569685,-0.44827563,-0.27946544,-0.052585572,-0.554912,-0.14982091,0.18124242,0.22318137,-0.81228805,-0.39592978,0.09325216,0.998945,-0.44214973,0.16610278,-0.87135524,-0.25441226,-0.18807407,0.571991
-0.28023624,0.03302723,-0.56024504,-0.26967475,0.500471,0.24025832,0.18265937,0.29661396,0.2002504,-0.52695066,0.37987116,0.38776624,0.312394,0.59203196,0.13324513,0.023971114,-0.006272367,-0.003336643,-0.8624581,-0.26085225,0.27578506,0.10727509,-0.11306355,0.35697198,0.7605363,0.032100916,-0.17078932,0.23958838,-0.20366624,0.60032916,-0.13889487,0.05763156,-0.5684488,0.52760625,0.24046761,-0.1901491,-0.7847868,-0.1388089,0.3812079,-0.11111227,0.046299234,-0.38834488,-0.005932586,0.48255622,-0.65372264,-0.81948346,-0.04700015,-0.256609,-0.13766406,0.13830961,-0.6273475,-0.18641528,0.16100761,0.26973087,-0.4951171,0.11159683,0.20396698,0.9730491,-0.381695,0.2936805,-0.75754344,-0.33213472,-0.23363273,0.5836057
-0.3791411,-0.2269544,-0.6380477,-0.5632232,0.59948504,0.36593503,0.06727653,0.2475868,-0.12247222,-0.36995548,0.4690822,-0.02247062,0.46825853,0.63301617,-0.007936246,-0.12999894,0.035528433,-0.28221565,-0.75687706,-0.04824998,0.297086,0.05732379,-0.3637684,0.11879815,0.5348019,0.0544095,-0.595176,0.23166141,-0.24065302,0.6449407,-0.09570284,0.24119514,-1.0075012,0.7109575,0.39110646,0.009179123,-0.76630473,-0.29950246,0.2449663,0.43821117,0.41373438,-0.45389378,0.31809214,0.54694796,-0.9140282,-0.8612386,-0.32961047,-0.100300916,0.09319466,0.30198887,-0.6189892,-0.16954775,0.21388732,0.11581513,-0.7949497,0.111884855,0.36936572,0.76211125,-0.33848843,0.349197,-0.75931513,-0.46861693,-0.24429493,0.5840563
-0.65771836,0.19974717,-0.06390372,-0.16898817,0.26644176,0.46241692,0.11285684,0.117306,-0.07422628,-0.52870375,0.56759083,0.120433256,0.5228253,0.60464925,-0.076528355,-0.055872753,-0.2289699,-0.309126,-0.26710853,0.08958824,0.30359024,-0.05762092,-0.31128597,0.02674302,0.42110565,0.058634683,0.040993735,0.062485147,-0.019527739,0.23446073,0.05503945,0.2110616,-0.58691776,0.15704578,0.23595397,0.3513968,-0.28092772,-0.14374462,-0.19674742,0.19059838,-0.061999205,-0.44915527,-0.15334977,0.511867,-0.5741562,-0.46532097,-0.24190536,0.040821303,-0.353124,0.11500533,-0.647361,0.114331804,0.32134625,0.28352875,-0.6482327,-0.2864836,0.24944973,1.1025857,0.32250664,-0.3406316,-0.5417294,-0.532518,0.26471463,0.2576246
-0.022384306,-0.26155764,-1.0947019,-0.60785556,0.5660198,0.3526709,0.02941961,-0.2748036,-0.20329806,-0.42236432,0.6566725,-0.14559145,0.20614757,0.90406394,0.3109234,-0.36550933,-0.05112016,-0.53017825,-0.60812896,0.15632084,0.13012579,-0.08938275,-0.6192047,-0.2520607,0.16501792,-0.25083318,-0.6656191,-0.0792814,0.009349585,0.5437211,0.21490738,0.18095073,-0.6651483,0.67277604,0.3659045,0.14300217,-0.7384443,-0.23076719,-0.070423305,0.61437756,0.41389215,-0.44586653,0.44671822,0.28311116,-0.79513013,-0.8570218,-0.4292917,0.101155244,0.2774015,0.03512212,-0.7282922,-0.13138627,0.036117107,-0.032429866,-1.0903302,0.3609962,0.61375064,0.61578196,-0.034422897,0.62090915,-1.0452065,-0.37077418,-0.36465904,0.24491955
-0.3295695,-0.08002625,-0.4745225,-0.12075748,0.44402337,0.354607,-0.011491092,0.4643528,0.085160114,-1.0808767,0.58987635,0.5174123,0.13343209,0.38909343,-0.005682738,-0.005042843,-0.23970097,-0.3380095,-0.69297165,-0.1563268,0.30645093,0.059127007,-0.3215008,0.54219776,0.8997759,-0.24638595,-0.15327081,0.21362247,0.016845228,0.26451808,-0.3068657,0.098615326,-0.77636486,0.12084197,0.65214074,-0.21387969,-0.6345002,-0.33448437,0.17711127,-0.33385792,-0.07351961,-0.31483948,-0.17578074,0.42893833,-0.8797809,-1.064097,-0.31701496,-0.3298655,-0.14057457,0.081797436,-0.46385175,-0.12839755,-0.1003254,0.08553622,-0.58002585,0.13512978,0.27671888,0.9408958,-0.46124005,0.2250001,-0.9346201,-0.7645555,-0.27913532,0.44263127
0.09435469,0.3696922,-0.5633679,-0.11168398,-0.38900837,0.02170513,0.3328144,-0.023713725,0.5581171,-0.28202382,0.9899279,0.23276137,-0.2911389,0.55816644,0.11890031,0.107821904,-0.30107412,-1.0110852,-0.7940046,0.1961687,-0.28627115,0.018173508,-0.30620295,0.537359,-0.71117413,-0.2453532,-0.3965844,-0.33244428,-0.11307758,0.5229474,1.113807,-0.2971597,-0.5742856,0.19643569,-0.3832357,-0.12663041,0.075499125,-0.05596351,0.33600655,-1.1105077,0.037016254,0.18340734,-0.73219573,0.79415536,-0.73740107,-0.7709412,-0.818596,-0.30485973,-0.44085637,-0.18612558,-0.8369497,-0.04658062,-0.16174698,0.089533664,-0.6957468,0.84947115,0.6668116,0.22838643,0.053894576,-0.93884075,-0.8508615,0.001388938,-0.37018844,-0.4627331
-0.23345003,0.75110966,-0.83712053,-0.43225074,0.8735977,0.39821777,-0.11327439,0.024792453,-0.09353934,-0.7502984,-0.031069333,0.38238463,1.14512,0.8575659,0.47731227,-0.73491776,0.17798617,-0.10964526,-0.6733519,0.7244536,0.07003114,0.03665967,-0.33023357,0.15453482,1.2718017,-0.37366492,-0.95037925,0.55142343,-0.49748343,0.6288181,-0.26930046,0.10144022,-0.7161487,0.8977051,0.5006976,0.17859827,-1.0416552,0.15826185,0.04870756,0.15463105,0.2533496,-0.64324915,-0.71930814,0.9471808,-1.049703,-0.5190478,0.11638951,-0.35180423,-0.44913697,-0.3387796,-0.69955343,-0.1258317,0.5327966,0.27289093,-0.718802,0.19390586,0.37632987,0.80533683,0.1644551,-0.003365933,-0.5125934,-0.43159875,-0.48994797,0.5058294
-0.14291501,0.010996284,-0.6639488,-0.7228373,0.9615278,0.09179861,0.3896007,0.04662194,0.13877666,-0.111526914,0.59127665,-0.15346105,0.13895206,0.507944,-0.118707575,0.12908258,0.34728956,-0.11506824,-0.55848485,0.24326056,0.3349593,-0.1410272,-0.45206773,-0.28247795,0.08920975,-0.41615593,-0.36571077,0.17145248,-0.12853728,0.5627266,0.036360476,0.049750995,-0.8166926,0.55982983,0.17465797,-0.10661063,-1.1513339,-0.00345986,-0.084056415,0.43581185,0.5707623,-0.5253681,0.14687711,0.54691935,-0.80372363,-0.6231052,-0.5608553,0.039125334,0.40259364,-0.03744841,-0.59387445,0.004233996,0.03050301,0.31230727,-0.50712466,0.1015735,0.17371279,0.4044387,-0.1584252,0.33458173,-0.97573847,-0.0697912,-0.22847648,0.07695486
-0.20649606,-0.057825357,-0.31816643,0.2531192,0.62002987,0.17025137,0.16452263,0.4670734,0.002987165,-1.0902982,0.108955085,-0.055259,0.44450593,0.5433911,0.18901064,-0.06759394,0.30791193,-0.39172864,-0.43994832,-0.107447766,0.5666845,-0.06196092,-0.66611356,0.2719483,0.12998423,0.10258213,0.35716307,0.2158427,-0.03968669,0.30421466,0.13053213,-0.08106766,-0.60330635,0.41401497,0.5536901,-0.118998155,-0.42410818,0.16406864,-0.2168332,0.13546532,0.049020596,-0.30806434,-0.09501089,0.74841684,-0.77354443,-0.39318615,-0.4770983,-0.37546986,0.1018429,-0.01830102,-0.5551088,0.19499856,0.18612964,0.4769761,-0.46621785,0.28111207,0.08856468,0.89561135,-0.10360946,0.49024945,-0.694991,-0.7012382,0.2712095,0.00154808
-0.6483712,-0.03517299,-0.25728527,-0.33604193,0.082830936,0.37503684,0.2135697,0.6496381,-0.12061024,-0.66171056,0.6185937,-0.035599172,0.5060216,0.5426321,-0.40667742,0.20835364,-0.13127762,-0.15970398,-0.35255516,0.31687313,0.3843856,-0.18445756,-0.40268633,0.065442026,0.8439263,0.22382507,-0.04883476,0.1719159,-0.2594237,0.6025914,-0.21536478,0.1679423,-0.81199694,0.63930154,0.34955367,-0.057518806,-0.6347777,-0.18632774,0.2422816,0.110692695,0.23178779,-0.4135381,0.20680338,0.61741453,-1.0308217,-0.6059548,-0.27685618,0.02069139,-0.3055047,0.2249282,-0.9588829,-0.21945806,0.2667678,0.59113866,-0.51380336,-0.013290954,0.21351774,1.1927023,-0.11129077,0.045664143,-0.49413556,-0.708687,-0.20702259,0.35417822
-0.29120642,-0.08505427,-0.39504573,-0.11992876,0.010177142,0.30768803,0.48594198,0.5235159,0.017926017,-0.3856241,0.59297955,0.01401036,0.279683,0.52332973,-0.05518891,-0.052274693,0.25410777,-0.11994192,-0.43913808,-0.04204934,0.46796066,0.3411441,-0.42735997,0.2983752,0.9742948,0.48108438,-0.28583977,0.23690543,-0.23417376,0.3173129,-0.25582892,-0.050153825,-0.8326365,0.57974595,0.46914932,0.13681374,-0.43259808,-0.47364417,0.18806976,0.32130027,0.18220255,-0.6507764,0.051656436,0.43951327,-0.8070397,-0.49933624,-0.27985957,0.005380965,-0.3330833,0.25353107,-0.87855196,-0.1195891,0.09460729,0.517836,-0.5423638,0.07876985,0.4477034,0.89280343,-0.19032206,0.29248577,0.036307395,-0.53775615,-0.20420766,0.41516623
-0.44867468,0.18876185,-0.58366,-0.5769184,0.8094309,0.17224556,0.038873374,0.5283521,0.19037546,-0.64625984,0.2703398,0.001146658,0.5684054,0.49113616,-0.10849822,-0.24305071,-0.014669364,-0.19822048,-0.6626048,0.19412866,0.4600397,-0.06290039,-0.37215853,0.07710821,0.56984466,-0.19666333,-0.16439094,0.31167766,-0.18384543,0.5061255,-0.02924201,0.15359661,-0.7193542,0.60184455,0.6054069,0.08296573,-0.7401916,-0.14045312,0.17601424,0.15176916,0.17918995,-0.5647327,0.055050846,0.6761724,-0.8786804,-0.6267335,-0.19712986,-0.53241205,0.041165914,0.005445066,-0.6801932,-0.005221306,0.512129,0.11295102,-0.47621632,0.031869564,-0.06271565,0.7835257,-0.18887246,0.18937176,-0.8543024,-0.3305209,-0.14900994,0.3897418
-0.24684674,-0.602954,-1.2041422,-0.51017463,0.736076,0.7131417,-0.090071246,0.26481515,-0.27221036,-0.6748355,0.34277937,-0.28839335,0.38542023,0.89358634,0.28812996,-0.48652682,0.24971211,-0.28769124,-1.0509478,-0.8508893,0.25391638,-0.2789884,-0.05467844,0.30704257,0.05919628,0.8139269,-1.0716834,0.36246917,-0.24141565,0.6805047,-0.34634295,0.4753853,-1.4402419,1.313337,0.7281961,0.040536158,-1.4658294,-0.9389879,0.08876577,1.2543238,0.48401037,-0.74666256,0.73166585,0.66113293,-0.85598445,-1.4950954,-0.46895197,0.3669032,0.19558215,0.34793705,-0.83948815,-0.036889274,-0.025597384,0.000612746,-1.3295099,0.538194,0.23374432,0.7657007,-0.9574755,0.16107816,-1.5168797,-0.5803021,-0.040985007,0.39710087
0.18299097,0.070015855,0.4045211,0.1903207,0.17812286,-0.049261138,-0.34126595,-0.06620869,-0.8887849,-0.83219564,0.8330116,-0.19658722,0.3249744,0.85144377,0.39659244,-0.20412812,-0.20669366,-0.96512544,-1.3158832,0.070333526,-0.11994164,-0.042727478,-0.33762816,-0.6129305,0.058462396,0.20884427,0.5192573,-0.29509234,-0.15741464,0.20063935,1.0051064,-0.07883139,-0.35030767,-0.09558565,-0.003429191,0.58239776,-0.797427,0.04311795,0.3039532,0.1930711,-0.76189625,-0.24883713,-0.49369338,0.6510612,-0.09956003,0.5145232,-0.6472395,0.008301578,-0.24120086,-0.006800139,-0.7126472,-0.1458653,0.19164962,-0.1340106,-0.7567217,-0.56540966,0.36191216,0.47555047,0.21513218,0.028920751,-0.45441613,-0.28575605,0.32268605,-0.24720374
-0.17828639,0.12740219,-0.6206947,-0.4462083,-0.05510722,0.008533008,0.027124697,0.68378764,-0.16330124,-1.0091177,0.3359887,0.3291618,0.27379587,0.493842,-0.062903315,-0.04027893,0.054277096,-0.48233986,-0.4928274,-0.31984726,0.4968437,-0.10006494,-0.31955492,0.528191,0.98067075,-0.41792932,-0.29130518,0.41855362,-0.07225049,0.40746516,-0.20041098,0.20350316,-0.33834067,0.7060309,0.6581014,-0.27204883,-0.70835835,-0.1317903,-0.09747734,-0.073354706,0.35012388,-0.4904854,-0.03380115,0.96892345,-0.9440797,-0.83594185,-0.16933663,-0.7105059,-0.10952054,0.051005404,-0.58859617,-0.31633848,0.10998023,0.18581036,-0.37478772,0.18502043,0.31370136,0.74225014,-0.6412224,0.26793304,-0.43989778,-0.69012105,-0.34004328,0.35167083
-0.36397275,-0.5361514,-0.31552365,0.21418174,-0.3070342,-0.042679854,0.35528815,0.6298625,-0.14134458,-0.3371199,0.6087854,0.84799385,-0.12571868,0.8898467,0.07382216,-0.22735055,0.34680235,-1.0896297,-0.5770208,-0.8204373,0.2676945,0.39857882,-0.74403965,0.93077534,-0.12164737,-0.5282134,0.1033715,0.49316305,0.24654159,-0.022475211,0.38433516,0.15383479,0.007674758,-0.19049264,0.42094263,-0.22800303,-0.1699915,0.4910192,-0.42890418,-0.20778696,0.5587366,0.058101594,-0.31764627,1.0988591,-0.8850448,0.07022825,-0.07309669,0.05355945,0.034961514,0.025422847,-0.93595237,0.11284105,0.15171222,0.26171494,-0.38530412,0.19210537,0.32531232,0.73051804,-0.041414473,0.41502652,-0.68509233,-0.022541728,0.13483658,-0.58769447
-0.43330643,0.16394024,-0.6116422,0.027238507,-0.09934165,0.3086535,0.13914992,0.4892004,0.042795878,-0.42533186,0.28993866,0.32206768,0.5762173,0.3999528,0.016965529,-0.084872,0.29894498,-0.39101353,-0.76667553,0.010909407,0.46789244,0.18714568,-0.22562155,0.17463692,0.5379156,0.04123122,-0.17639276,-0.012188849,0.27908,0.6170447,-0.1485241,0.52709866,-0.44478822,0.7125386,0.32316735,-0.11023639,-0.4142763,-0.3792704,0.24389835,-0.14954932,0.27703422,-0.46407765,-0.23496655,0.62060255,-0.43771145,-0.27500194,-0.23209698,-0.27180833,-0.004801135,-0.002877732,-0.93215376,-0.36710736,0.6803786,-0.19976793,-0.65088916,0.067536406,0.43114233,0.47295094,-0.029488886,0.13357462,-0.32398015,-0.339443,-0.031265028,0.6114129
-0.3754382,-0.17330272,-0.87166643,-0.8474623,0.38309792,0.099602275,0.021671373,0.39787883,-0.16677347,-0.48051947,0.5969637,-0.18059449,0.21773061,1.0067112,-0.2511965,0.3402426,0.14508767,-0.2680652,-0.83830565,-0.069579616,0.40320042,0.092049345,-0.6601632,0.26945895,1.054911,0.10978649,-0.55460787,-0.08140941,-0.043739084,0.04448368,-0.002028385,0.26764694,-0.9506557,0.44246545,0.3272984,0.22377506,-0.8418412,-0.57387435,0.30066907,0.29405323,0.43567988,-0.43208802,0.21092825,0.6853902,-0.9982154,-0.5992042,-0.5644839,0.2006266,0.14030738,0.5973797,-0.8025703,-0.13169149,0.31192774,-0.19642648,-0.6661396,-0.022929568,0.8294814,0.48526153,-0.5009574,0.5749261,-0.8486488,-0.8777239,-0.37763453,0.5716409
-0.45775974,0.37090617,-0.004091397,-0.006884828,0.03791086,0.11560501,0.44277677,0.28981608,0.6508702,-0.6229492,0.76640165,0.3257388,0.4183789,0.7772124,-0.35388958,0.08443084,0.19373345,0.19467713,0.16645773,0.31691587,0.7892643,0.3062204,-0.57727635,0.469849,0.25787222,-0.07673843,0.29860926,0.48041084,-0.17398748,0.30049416,0.17533557,0.043039132,0.009206402,0.2151774,0.025061857,0.8697933,-0.34871963,-0.5800225,-0.31239226,-0.01584041,0.085174896,-0.38716647,-0.119836904,0.33487567,-1.0557514,-0.9491518,-0.84047145,-0.30821443,-0.32466036,0.5225809,-0.45829448,0.18671387,0.35162127,0.26673794,-0.11529296,0.7462262,0.85012954,1.1403955,0.35233274,-0.1556919,-0.6280798,-0.85617495,-0.28851295,-0.029756442
-0.23400037,-0.2118772,-0.52583075,-0.6574552,0.61735195,0.417291,0.046491317,-0.21106973,0.16415323,-1.0033202,0.34167978,0.31516775,-0.24220887,0.36855298,0.15360884,-0.09425254,-0.12120728,-1.0064379,-0.25451037,-0.15819402,-0.36656976,0.28751075,-0.21256192,0.7607651,-0.30919257,0.74060315,0.07675433,0.37691644,0.10902033,1.1361498,0.47022384,0.6882135,0.64158183,0.48021293,0.8790191,0.4104401,-0.21229005,0.28407633,0.28905043,-0.22998142,-0.3252359,-0.13322389,-0.6495032,0.50007147,-0.26432842,-1.0161783,-1.3539302,0.15944543,0.033059295,-0.64058477,-0.55885166,-0.3506461,-0.7724605,0.38326567,-1.0644624,0.23746029,0.5190612,0.8454457,-0.20106776,-0.023576437,-1.0441548,-0.6389759,0.14804992,-0.48004872
-0.14680617,0.16403593,-0.2943618,0.06360229,-0.31083223,0.24368833,-0.15321106,0.56824416,-0.51372814,-0.3923666,0.9712106,0.48055002,1.0470253,1.0475817,0.21755902,-0.9198075,-0.07089616,-0.5854172,-0.7693751,0.42929652,0.3678501,-0.33839345,0.08077667,-0.8558797,0.25991112,-0.81619066,-0.20297524,-0.80194664,-0.014535888,0.028350348,0.26173255,0.4755599,-0.18797123,-0.19693345,-0.021218995,0.43997356,-0.8686709,0.05981351,-0.3525958,0.028494122,0.020988788,-0.096872844,-0.70377076,0.32369858,-0.90003836,1.5673494,-0.223295,-0.26559764,-0.67434794,-0.32355615,-0.22854826,0.06369378,0.2416396,-0.59393525,-1.4535536,-0.34720948,0.11364242,0.26411608,0.33072934,-0.62316954,-0.4957459,0.013557868,0.1885421,-0.4414391
-0.16529323,0.17581645,-0.40881586,-0.3028874,0.13939412,-0.09503613,-0.19122705,0.38827786,-0.48285675,-1.0211419,0.53913516,0.076909795,0.31234798,0.66201353,-0.042118933,0.08083912,-0.30445805,-0.62030023,-0.61587405,-0.055432316,0.35213727,0.17901179,-0.24544516,0.31563073,0.61009306,-0.304406,-0.24300392,0.1341939,0.0769013,0.08075117,-0.19380373,-0.09658222,0.06022503,0.103879474,0.3477994,-0.08183857,-0.44868028,-0.033719078,0.2418874,-0.16860536,-0.006247832,-0.6378872,-0.10306051,0.948596,-0.44518483,-0.3311795,-0.45310798,-0.25566834,-0.1419069,-0.27628306,-0.36380163,-0.32341594,-0.11682485,-0.4590625,-0.321154,0.12208859,0.38582203,0.6569579,-0.08906977,0.103930265,-0.5830508,-0.3220631,-0.010740663,0.11476764
-0.07476427,0.3148139,-0.44881976,-0.06265709,-0.29300046,0.21190731,-0.056473836,0.47364196,-0.5260185,-0.3218802,1.1244942,0.5246089,0.9425401,1.0096278,0.20115474,-0.94108695,0.060202345,-0.5640683,-0.75010914,0.38413936,0.41345915,-0.44970578,0.17755575,-0.8952641,0.29539368,-1.0029093,-0.19026583,-0.5621298,0.008791919,-0.16034362,0.28168464,0.44871113,-0.060962234,-0.22511491,-0.02070605,0.4278034,-0.8899894,0.18422656,-0.39980876,0.11574046,0.024367634,-0.04536452,-0.7675129,0.23682441,-0.83023065,1.7004534,-0.29428825,-0.35733113,-0.5918811,-0.2457884,-0.34265897,0.024348808,0.38416445,-0.5468749,-1.4072816,-0.3390059,0.20356886,0.14666975,0.27672887,-0.6550237,-0.5940604,-0.029779522,0.19740276,-0.55565935
-0.5724607,-0.4719441,-0.3629197,-0.31952137,0.26782194,-0.17746812,0.48029652,0.6112006,-0.0981071,-0.3672199,0.40305743,0.8431157,-0.2141847,0.6940863,-0.1555383,-0.13941126,-0.2254006,-0.57740843,-0.037367303,-0.057175584,-0.35650283,-0.38868535,-0.52770096,0.24432954,-0.046226256,-0.13878056,0.74696785,-0.2841189,0.5686126,0.5237081,0.08752878,0.3766956,-0.1300552,0.5435146,0.10392644,0.18879355,0.4111394,0.3870548,0.40676296,0.34631774,0.45000815,-0.2632509,0.05658485,0.8760291,-0.7449828,-0.32830316,-1.3954226,0.01483304,-0.29324004,-0.88801926,-0.522233,-0.36383262,0.18964264,-0.16718529,-0.6618625,0.0854714,0.26891437,0.25864285,0.39065295,0.16646671,-0.38993403,-0.52584994,0.3157943,-0.20083965
-0.46482596,-0.046250105,-0.25206816,-0.21701863,0.23784553,0.038187146,0.18312064,0.3394471,0.118199944,-0.6266094,0.3837887,0.35004032,0.29562396,0.46951616,0.16764244,0.09222962,-0.42194763,-0.041422557,-0.787704,0.15607078,0.3041133,-0.012413513,-0.3903388,0.049126945,0.796124,-0.30835506,-0.35932392,0.33814588,-0.05089038,0.39964736,0.008024153,-0.08821248,-0.6952577,0.32052773,0.62233907,-0.24037044,-0.6153722,-0.5628794,0.23341264,-0.1048768,0.04306206,-0.44675827,-0.046175405,0.5851193,-1.0667666,-0.6076073,-0.057622872,-0.46292037,-0.10347481,0.113043435,-0.57595295,-0.17584392,0.20860393,0.15182267,-0.7539019,-0.094877474,0.4446789,0.7903593,-0.17440048,0.14109585,-0.5572224,-0.5116852,-0.028578175,0.6224092
-0.6309877,-0.2938508,-0.7644806,-0.93658054,0.25438088,0.40866056,0.08544479,0.7191459,-0.40573367,-0.68343854,0.90840197,-0.1330571,0.57612354,0.7713546,-0.13353662,-0.31326243,-0.005099793,-0.46543407,-0.86732936,-0.035899136,0.8701297,-0.38193235,-0.2007903,0.13779983,0.32846907,-0.23466577,-0.46273023,0.48575974,0.21700707,1.1708217,-0.069837436,0.87247896,-1.1353554,1.1522056,0.632043,0.07101097,-1.0441686,-0.055676132,0.13311554,0.83585346,0.49930087,-1.1088654,0.24747442,1.0669602,-1.420051,-1.1582752,-0.46299034,-0.32747278,-0.000937706,0.22843859,-0.9143827,-0.34417474,0.16121373,0.19996719,-0.7529032,-0.11122836,0.17271908,0.70357984,-0.5235976,0.76792485,-1.2962146,-0.15224808,-0.37676647,0.6308273
-0.008850773,0.05415833,-0.346903,-0.30395994,0.2924272,0.055951167,0.04455005,0.47485366,-0.80952626,-1.1191484,0.31009236,0.3646836,-0.14144118,0.85077107,-0.119423896,-0.3263771,-0.43913853,-1.215564,-0.116658635,-0.23995161,-0.123981915,0.29974505,-0.41124964,0.6783653,-0.29192477,-0.00953771,0.2221014,-0.32927254,0.18874595,0.3666581,-0.1793888,0.22796021,0.20508271,-0.013656835,0.102723174,-0.468703,-0.4510284,0.08224892,0.538541,-0.046196982,0.11913349,-0.9058138,-0.17239757,0.9686638,-0.5633625,-0.014204597,-0.35681924,0.14899625,-0.0272364,-1.0074904,-0.49870998,-0.4558775,-0.119278006,-0.48160923,-0.0392926,0.10099443,0.3118458,0.96722716,0.4010817,0.13360187,-1.1110535,-0.5157293,0.33527887,-0.08300846
0.028885843,0.14292145,-0.737215,0.20019005,-0.36321738,-0.29695302,0.8999644,-0.24586506,0.032561406,-0.7460257,0.96821636,-1.2149357,0.020067425,1.2219903,0.08310985,-0.20505242,1.1545333,0.010009236,-0.012354455,-0.8691434,1.0913851,0.575037,0.475631,0.45376325,1.0398713,0.9261754,0.22371502,0.057728916,-0.044085905,-0.4729232,-0.57758373,-0.08416681,-0.85531616,0.92766166,1.0873839,0.6388666,-0.47741735,-1.14514,0.25910074,-0.18219462,0.73356366,-1.5931884,-0.448611,1.1654274,-0.4965762,-0.31646967,-0.604252,0.28152445,-0.61284786,0.77381456,-1.4807638,0.36793885,-0.30055788,0.12666692,0.23187824,1.0629696,0.76961935,0.60248005,0.12069154,0.228438,0.18604518,-0.6300128,0.3406565,0.019329306
-0.21541813,0.48936632,-1.0066302,-0.49629152,0.39654395,0.39671794,-0.35739642,-0.1593052,0.14702879,-0.8576614,0.46759945,0.6172048,0.9007056,1.1571326,0.5117182,-0.7520566,-0.21366374,-0.25300622,-0.6371392,0.87569886,0.08237372,-0.15597397,-0.17004935,-0.04052706,0.97509634,-0.80117553,-0.6481796,0.23189633,-0.19816156,0.4538025,-0.18030888,0.12039614,-0.6802355,0.81041616,0.3759082,0.1505655,-0.8819497,0.21416008,-0.07480956,0.09975062,0.19425552,-0.5279619,-0.55195844,0.6409571,-0.65142286,-0.31191432,-0.07412355,-0.12729755,-0.02737927,-0.61367935,-0.5819183,-0.13832498,0.3462483,0.036496732,-0.7394726,0.35946023,0.44343176,0.5394489,0.21403803,-0.082656145,-0.5430179,-0.3902667,-0.23078217,0.5172072
0.14728314,0.9800105,0.16698661,-0.2862482,-0.124620534,-1.0604576,0.23301551,-0.62269264,0.000820446,-0.60868603,0.5188147,0.9561534,-0.07304005,0.51109654,0.3719655,-0.50490314,0.11525709,-0.5489017,0.2678182,-0.094874576,-0.38062254,-0.7242599,-0.1346621,-0.28412178,-0.44249177,0.26080713,-0.19226561,-0.20864482,0.25617462,0.37360653,0.04353768,0.075470015,0.36096662,0.066589706,0.075154774,0.6158457,-0.78332835,1.1768557,0.2604302,0.33464786,0.37658322,0.054688383,-0.8476599,-0.87931615,-0.80598134,-0.1205805,-0.8058034,-0.3036388,-0.20960626,0.09004573,-1.2995342,-0.017692419,-0.15676123,-0.061215475,-0.35984266,-0.35767433,0.40359885,0.28229222,0.57195836,0.39831227,-0.5212943,0.02564019,0.22161777,-0.5919661
-0.003409238,0.23019603,-0.40199438,0.08981441,-0.31669503,0.18305928,-0.04118796,0.53461736,-0.5662725,-0.4578417,1.0545814,0.5188871,1.0029459,0.9699082,0.18397284,-0.9651235,-0.025846478,-0.6385438,-0.6403929,0.3002579,0.3082481,-0.35045314,0.07585403,-0.83854353,0.2865206,-0.93088883,-0.21970436,-0.69173276,0.101546004,-0.13410102,0.2499931,0.44471455,-0.11151063,-0.08281796,0.081705905,0.46697235,-0.828047,0.19632374,-0.3695195,0.027833644,-0.019592704,-0.052701328,-0.71070147,0.27497852,-0.7580101,1.5327041,-0.30520347,-0.33264497,-0.6993677,-0.23341423,-0.32755864,-0.04545048,0.40532207,-0.67675185,-1.3516817,-0.31857455,0.16449417,0.19340827,0.31744957,-0.583389,-0.5646871,-0.040398754,0.21988823,-0.38679504
-0.18258156,0.4064163,-0.90941876,-0.48738578,0.44485602,0.32503176,-0.41865197,-0.18371324,0.061127376,-0.9293896,0.4626246,0.66657346,0.84077024,1.0841484,0.5213233,-0.68835264,-0.2169265,-0.2812924,-0.5929732,0.775566,0.09948553,-0.18443157,-0.1875911,-0.008581032,0.9391114,-0.7721469,-0.6192433,0.27304283,-0.12677386,0.3436481,-0.33538443,0.13020973,-0.61964804,0.79320407,0.40672833,0.123725116,-0.80233854,0.26948646,-0.08542481,0.16785489,0.21154645,-0.5493091,-0.5178557,0.7145777,-0.67881906,-0.24882235,-0.18508735,-0.14262551,-0.036267985,-0.53932124,-0.6631446,-0.22734244,0.28159514,-0.03516309,-0.7577392,0.2626191,0.4195815,0.55092293,0.17755261,-0.030065356,-0.49020153,-0.46809497,-0.0893339,0.4016872
-0.3706992,0.26239878,-0.41734546,-0.28463665,0.19529566,-0.07954733,0.3430962,0.21869847,0.05945099,-0.051743858,0.3665492,0.34187162,0.26999372,0.16204277,-0.24071659,0.19816229,0.036857896,-0.45687255,-0.3946948,-0.07876173,0.055103414,-0.03586443,-0.18968284,-0.09566749,0.22607382,-0.01280321,-0.3008922,-0.005470736,0.18171634,0.65917575,-0.21023121,0.1153929,-0.6690013,0.5059511,0.2702138,0.038880955,-0.67887247,-0.26313487,0.3421302,0.17117563,0.42867854,-0.3754535,-0.07086568,0.56650287,-1.0383925,-0.485152,-0.18748693,-0.39116868,-0.43894282,-0.10206895,-0.6869501,-0.25164747,0.118788086,0.14412744,-0.71255565,-0.23600905,0.34114054,0.78504133,-0.19998707,0.23187126,-0.838468,-0.21150006,0.01927234,0.40755412
-0.046826173,0.22982253,-0.2715104,0.04806309,-0.26357406,0.20252115,-0.14623834,0.43011326,-0.41053993,-0.3330143,1.0176853,0.51638925,0.9145628,0.94373125,0.26337633,-0.82058984,-0.025085278,-0.7003206,-0.6186606,0.31383434,0.41361177,-0.42057368,0.14655064,-0.82861227,0.2744507,-0.75608844,-0.09070757,-0.69441223,0.12769298,-0.14268272,0.30034244,0.3672838,-0.19559582,-0.15034103,-0.006739063,0.33478734,-0.6883599,0.14736916,-0.38040733,-0.011292956,0.07720699,-0.2091422,-0.66453815,0.27748215,-0.81291586,1.5540684,-0.20409517,-0.26346225,-0.72122604,-0.33823255,-0.29240346,0.04870993,0.28337663,-0.6089708,-1.2809054,-0.3475487,0.21118043,0.21911012,0.15484439,-0.49934733,-0.66578484,-0.039540317,0.27614436,-0.4133587
-0.3386723,0.43414718,0.5475459,0.009670924,-0.27996862,0.45225403,0.54148275,0.19971834,0.5375565,-0.45021805,0.5303389,0.10086744,0.23026976,0.39164123,-0.03100752,-0.19492301,0.5398908,-0.2955176,0.36593056,0.5492782,0.86090976,-0.1973636,-0.052237097,0.27015197,0.39049995,0.17762844,0.4531386,0.6595801,-0.08278162,0.026853824,0.8135519,-0.12501195,-0.3672072,0.13509221,0.20156515,0.8289875,-0.21186657,-0.7910902,-0.3671565,-0.2424878,0.23865944,-0.55927783,-0.3482099,-0.14302234,-0.7062186,-0.9269993,-0.7227506,-0.2460239,-0.6613971,0.06263113,-0.20281209,0.6158403,0.05580175,0.1678495,-0.25235653,0.2590869,0.88786,1.0564575,0.11572022,-0.42697212,-0.5882139,-0.70505106,0.19364217,-0.06409746
-0.027964564,0.26719102,-1.1247529,-0.097344466,-0.47277132,0.3783624,0.9192948,0.3255696,0.6586838,-1.1427948,0.33964518,-0.51311654,0.24798505,0.717052,0.098455824,-0.76648563,0.09611608,-0.6135088,-0.08037575,-0.49973893,0.46865267,-0.43078813,0.2902461,0.38260475,0.09744576,-0.5668001,0.2988201,-0.49642548,0.12262559,0.07660364,0.18540622,-0.2197424,-0.25738496,0.39554206,0.5463119,0.320503,-0.95232207,-0.05683959,-0.15377153,0.32322544,0.2739122,-0.6256482,-0.32661903,0.7882745,0.08957473,0.19590296,-1.2407676,-0.11399823,0.14240342,-0.6957908,-0.46043655,-0.7961932,0.8411819,0.28190503,-0.15557224,0.882514,0.20206322,0.05055846,-0.11275378,-0.4928678,-0.32035112,0.4273731,0.012871876,-0.058991194
-0.30763987,0.015637675,-0.50966406,-0.31944478,0.3496986,0.10753767,0.61855096,0.63534915,0.29010418,-0.2682856,0.84627944,0.21173128,0.1885412,1.0138681,0.17880496,0.17637932,0.002609793,-0.025818037,-0.20402429,0.6543914,0.17474961,-0.20581925,-0.8232962,-0.33631146,0.6860823,-0.7145115,0.36507574,0.047582734,0.10296608,0.11065293,-0.092195556,0.18269895,-0.35281315,0.10915998,0.28803673,0.11851945,-0.6729936,0.013632354,0.30242598,-0.006709441,0.039072514,-0.41113093,-0.094719395,0.26130128,-0.5950541,-0.14358042,-0.015849514,-0.67381763,0.28277868,-0.3838053,-0.4781811,0.1521044,0.40607253,-0.22996336,-0.39618286,-0.05332898,-0.043480977,0.06355036,0.56117976,-0.43705153,-0.43515983,-0.26337388,-0.029042015,0.026290389
-0.16841899,0.2534843,0.66741914,0.028891066,-0.799321,-0.6629289,0.26443422,0.42047647,-0.099939,-0.3894385,-0.5911901,0.73142815,0.5509248,0.6521841,-0.16621721,-0.4285039,-0.14099656,-0.64010495,0.59914225,0.2741698,-0.28765827,0.35936385,-0.21376899,0.053392395,-0.40914896,-0.07553893,-0.11636023,0.008735702,0.6356766,0.34082782,0.19267112,0.23864225,-0.1605319,-0.09261211,0.35625267,-0.069303975,-0.5311302,-0.14540823,0.0669735,0.07105736,-0.023735229,-0.18034865,-0.15489545,0.082541406,-0.82901925,-0.16120316,-0.49674064,-0.73246276,-0.63201237,-0.6907353,-0.7699682,-0.48061308,0.097507164,-0.005731801,-0.637517,-0.36610472,0.84843975,1.0665641,0.7891387,0.60337794,-0.18508242,-0.13364524,0.2971915,-0.026290698
-0.49445054,0.4424299,-0.5981996,-0.42942017,0.56151545,0.1500525,0.006061687,0.27276725,-0.10489278,-0.5131674,0.26631835,0.28614244,0.73124486,0.62407947,0.18220422,-0.40281662,0.15930268,-0.0974343,-0.68282044,0.13640517,0.16911952,0.2057528,-0.37976056,0.015618869,1.0111635,-0.07198634,-0.6208335,0.19739027,-0.2427161,0.6490446,-0.3350028,0.20006819,-0.7953464,0.7981487,0.40017357,0.15974757,-0.83504945,-0.13213189,0.22391987,0.16367619,0.1053281,-0.3769615,-0.29424804,0.7907861,-0.8331558,-0.6576478,0.08307875,-0.383402,-0.33135667,-0.17228223,-0.7496448,-0.23160245,0.37087688,0.25431317,-0.6654181,-0.04822887,0.2964975,0.89090794,-0.093626246,-0.034601618,-0.56516016,-0.18549155,-0.24963683,0.6222094
-0.59585994,0.41597724,-0.38807148,-0.31727192,-0.2880622,-0.055328716,0.11192133,0.5401461,0.15899777,-0.20498426,0.42262053,0.029789232,0.58706677,0.76727766,-0.23815878,0.03634755,-0.25817907,-0.7893622,-1.0791377,0.24112545,0.63463324,0.1603202,-0.08914412,0.055959027,0.67944956,-0.29516083,-0.27914545,0.03371457,0.41914117,0.23709083,-0.036059823,0.39249036,-0.085346304,0.17454845,0.46903077,-0.105387695,-0.4128833,-0.04440884,0.22352414,0.30997127,0.21726517,-0.607303,-0.3804131,0.6735233,-0.80450994,0.11248316,-0.29217237,-0.6120106,-0.335801,0.060677815,-0.5817297,-0.70871943,0.42057568,-0.68681484,-0.34697494,-0.066882,0.47427464,0.3463146,0.099364884,-0.364203,-0.58845717,-0.5079126,0.005995097,-0.0787438
-0.5590452,-0.8488793,-0.84244555,-0.5153697,0.9574366,-0.21547587,-0.24198057,0.49080777,0.16184658,-0.6674229,0.44065133,0.3001389,-0.049177572,0.14562735,-0.27326468,0.103995234,-0.41693145,-0.5831148,-1.1861228,0.06784221,-0.013764786,-0.70148546,-0.2858424,-0.090647995,0.35567042,0.3055526,-0.11619051,0.05500812,0.30018437,0.12378622,0.90485394,0.23200247,-0.8651011,-0.012666945,0.58235276,-0.11520248,-1.6369885,-0.407399,0.5557234,0.4175473,0.18046089,-0.7004105,0.2830844,0.19788875,-1.2485054,-0.98942536,-0.37390423,0.06335592,0.42762154,0.018522492,-0.75989854,-0.63987845,0.002065079,0.058299217,-0.998188,-0.17787403,0.069233544,0.07383512,-0.61032796,0.42862993,-0.87768024,-0.6567364,-0.8167046,0.6379505
-0.12987985,0.20327485,0.074228,0.050411865,-0.45445418,-0.11846469,0.34201705,0.13614196,0.08730275,-0.30670968,-0.22671504,-0.0652429,0.30143526,0.1068912,0.13690765,-0.6153502,-0.010314516,-1.1374763,-0.56221384,0.30145845,0.596271,0.3972485,-0.010181847,0.09645329,0.23652643,-0.25258893,-0.5781474,0.6684134,0.55171216,0.32220015,0.30272394,0.12143647,-0.48326883,-0.16778082,-0.33263776,0.5310686,-0.4521229,-0.22966959,-0.062175237,0.2740284,0.26193288,-0.06781492,-0.42522725,0.6633163,-0.9360977,0.46108598,-0.48934054,-0.37755722,0.04582454,-0.4098652,-0.6122909,-1.1096729,0.31811255,-0.22192255,-0.7007397,-0.2532992,0.5583126,0.26420337,0.2537729,-0.00602346,-0.5806255,-0.24664341,-0.02381911,0.20549357
-0.51279265,-0.06699997,-0.4503483,-0.4790252,0.35848582,0.018325426,-0.055011246,0.25436908,0.14378959,-0.72332823,0.6234502,-0.06349747,0.73314965,0.73924255,0.050430104,-0.12767552,-0.5533907,0.3089739,-0.56728834,0.29463223,0.27057981,-0.348936,-0.21785504,-0.059168003,0.8931107,-0.57300377,-0.20858958,0.31104648,-0.2163657,0.38331458,0.1578975,0.09493741,-0.80149233,0.43430763,0.33828685,0.095731154,-0.72968364,-0.14903104,0.08205605,0.32040182,-0.038788665,-0.8263798,0.20498213,0.7151892,-1.0592927,-0.5844023,-0.03495243,-0.36529177,-0.20054652,-0.019523477,-0.82114005,-0.17689863,0.6831578,0.851164,-1.0743787,-0.26840445,0.2908282,0.921561,0.40695864,0.10661208,-0.71176577,-0.5767034,0.090489194,1.0057586
0.5592332,1.0526907,-0.10307242,0.3275909,-0.34318727,-0.1207889,0.39708433,-0.42967296,0.19076522,-0.20620412,-0.30092767,-0.28884298,-0.3367002,0.7178731,0.33722997,-1.2155575,0.026694247,-0.70438886,-0.28278998,0.6517696,0.5111294,0.44326115,0.03383714,0.3336521,0.22947627,0.63803476,-0.50539184,0.2726439,-0.112577066,0.55360085,1.0269817,-0.022161288,-1.0189228,-0.3627773,-0.73464006,0.013038687,-0.304265,-0.21314813,0.16563316,0.017362708,-0.29008296,-0.48656872,-0.40744928,0.46349362,-0.7217798,0.35150585,-0.5497201,0.30648425,0.05038085,-0.9816376,-0.8422522,-0.9958773,0.36134034,0.49808583,-0.1628696,-0.013697023,0.2800499,0.59245735,0.14274873,0.19040039,-0.2798328,-0.27528015,-0.26105532,0.33431226
-0.7430941,0.5403796,0.063371986,0.5124649,0.9899552,0.4403022,0.18805027,0.49676648,0.66292614,-0.604452,0.74909985,-0.8500034,-0.09749631,0.6145635,0.20070612,-0.29229423,-0.27193514,-0.8880387,0.005195562,-0.40430284,0.63822645,-0.039275255,0.15786111,0.18583356,0.50963134,0.7864055,0.79439086,0.29628128,-0.041386932,-0.14204131,-0.3104307,0.07232006,-1.3917987,0.55653065,-0.09628408,-0.33470774,-0.30974442,-0.9191193,-0.51521456,-0.23796348,-0.80207545,-1.0919571,-0.058348853,0.5692697,-0.25069442,-0.7438998,-1.0218468,0.25631014,-0.355466,0.7758327,-0.9508055,0.42098856,0.31523037,1.0977893,-0.1601579,0.82997024,0.82016367,0.22383079,-0.009307138,-0.7499659,-0.13855794,-0.26232377,0.77030253,-0.26685894
0.17956084,-0.24020745,-0.32254237,-0.5034788,-0.14664876,-0.13232814,-0.14145188,0.15187386,-0.49037257,-0.5476818,-0.250045,0.40555397,0.6985127,0.944374,-0.25808457,-0.77662694,-0.16717032,-0.6518853,0.14991504,-0.16341461,-0.002439303,-1.1774547,-0.07034721,0.15936176,0.28006643,-0.40591905,-0.32283688,-0.7241989,0.26188597,0.13713105,0.43413585,0.35744727,0.04815972,0.015459778,0.28385586,0.75636697,-0.09616341,0.66718704,0.45911652,0.702768,-0.6429686,-1.0194756,-1.0716368,-0.45249537,-1.0916649,-0.18828703,0.004140361,-0.99603564,0.29823056,0.5349382,-0.24545385,0.42074808,0.053126004,-1.0342985,-0.621399,-0.47606713,0.6244506,0.5214138,0.061744045,0.4827919,0.27344313,-1.2325195,0.7186677,-0.027868211
-0.5210474,-0.021556268,0.49496937,-0.21229352,0.345662,0.5374998,0.4722163,0.6146026,0.24748859,-0.99614036,1.4352046,0.21824788,0.19517495,0.76248413,-0.40474257,-0.34313813,0.5501845,-0.43010423,0.16994493,-0.41395578,0.66686034,-0.19260061,-0.05731641,0.7888919,0.25443283,0.32586706,0.5207668,0.47609276,0.1220546,-0.19339813,0.17014043,-0.37227365,-0.8104161,0.49904075,-0.17631757,1.1070704,0.39184272,-0.9152515,-0.12414224,0.06558875,0.08621268,-0.948833,-0.77912116,1.0782799,-0.9894786,-0.4900929,-1.8476485,-0.007443507,-0.68471354,1.3444569,-0.8454293,0.6639104,-0.47353,0.6251022,-0.7942864,0.90701264,1.0061755,1.1250933,-0.3339223,-0.32114047,0.22440119,-1.14347,0.007418692,-0.4357713
-0.3995787,0.003393962,-0.32280773,-1.1180041,0.7830136,0.10832715,0.3815183,0.68446374,0.23135734,-0.32825086,0.25388938,0.4285283,0.09199405,0.51720107,-0.54582894,0.02481814,-0.10335872,-0.34733346,-0.24428256,0.7283093,-0.21791998,0.35657758,-1.0447824,-0.2825555,-0.20704928,-1.0301857,-0.106746,-0.30343863,0.25604543,0.8779153,0.15033951,0.33829528,-0.8341663,0.5341781,0.16211109,-0.1728019,-0.40485325,0.38106546,-0.011181709,0.42713174,-0.036107026,-0.47200605,-0.07206461,0.22837321,-0.997783,-0.351303,-0.35699865,0.032453895,0.32248148,-0.21546464,-0.41306397,-0.18339808,0.5895622,0.34222007,-0.41256052,0.032546606,-0.33258712,0.360695,0.73798615,0.3154411,-0.58816665,-0.5150876,0.40907794,0.3078676
0.12301105,0.006352621,-0.5802354,-0.26969332,-0.28438088,0.28317574,0.3420806,0.396653,-0.11487656,-0.69386816,0.50691843,0.17080079,0.0879821,0.6363453,-0.0780511,-0.106707044,0.1746724,-0.31357372,-0.61568135,-0.3966754,0.6742187,0.48466977,-0.51491773,0.7112122,1.0343374,0.17302136,-0.21908402,0.41548964,-0.08454791,-0.15042794,-0.37977144,0.08915852,-0.5040425,0.40101197,0.43819648,0.1537102,-0.380576,-0.33429402,0.10296787,-0.12241417,0.21029896,-0.47842604,-0.02729758,0.533346,-0.6021765,-0.5127209,-0.2870733,-0.27059636,-0.4314795,0.3622571,-0.71209323,-0.15408,-0.015020913,-0.28309387,-0.2904845,0.08623075,0.8599934,0.52398664,-0.30063173,0.49103564,-0.4172034,-0.53993773,-0.34575918,0.21174774
0.36760843,0.4942509,-0.694785,-0.14530241,-0.5499135,0.16862664,0.2562245,-0.71774304,0.17228898,-0.221528,0.21820161,0.42914358,-0.8487258,0.36374488,0.44754577,-0.57249796,-0.011382594,-0.7275219,-0.5122532,-0.1483602,0.017048115,-0.15497127,-0.014287388,0.726133,0.29170445,-0.05490769,-0.3457528,0.019082457,-0.26454774,0.6830506,1.0219871,0.067193486,-1.1582867,0.010125592,-0.18415612,-0.2302174,0.22626396,0.45897782,0.4257696,-0.2740953,0.06364986,-0.73366874,-0.2624154,0.40467575,-1.0270718,-0.4482314,-0.37758094,0.474224,-0.12627293,-0.6940811,-0.50143003,-0.27272978,0.42695048,0.26396737,0.24572971,-0.12040332,0.26562923,0.3691625,-0.46087572,0.055327993,-0.3034827,-0.29974234,-0.5666496,-0.07864846
1.0166069,0.8559133,0.057099596,0.5504337,1.7213594,1.3385565,-0.036388297,-0.3156432,-0.9782702,-0.9756012,-0.2491108,0.43042848,0.19017488,0.32506353,-1.4506739,-0.9449033,-2.1079252,-0.8186337,-0.962824,0.95238686,0.253941,0.14107287,0.12767042,1.1217397,0.038333397,-0.32390052,0.804207,0.07441183,0.1794273,-0.12861878,1.4663507,0.9284561,-1.9078287,0.6306994,-1.4824706,0.44703105,-0.06776238,0.057028804,0.24481592,-1.0920461,-0.48684558,-0.32556018,-0.9045197,1.0037771,-0.9238535,-0.4397485,-0.85849553,0.5804353,0.07094251,-0.5384464,-0.08640659,-0.41506904,-0.7723639,0.43108422,-1.2201767,1.0422158,-0.043733153,0.9857997,1.8235946,-0.27616832,-2.1467645,-0.8230622,1.9064509,0.25897083
,,,,,,,,,,,,,,,,,,,,,,,,,,,,,,,,,,,,,,,,,,,,,,,,,,,,,,,,,,,,,,,
,,,,,,,,,,,,,,,,,,,,,,,,,,,,,,,,,,,,,,,,,,,,,,,,,,,,,,,,,,,,,,,
,,,,,,,,,,,,,,,,,,,,,,,,,,,,,,,,,,,,,,,,,,,,,,,,,,,,,,,,,,,,,,,
,,,,,,,,,,,,,,,,,,,,,,,,,,,,,,,,,,,,,,,,,,,,,,,,,,,,,,,,,,,,,,,
,,,,,,,,,,,,,,,,,,,,,,,,,,,,,,,,,,,,,,,,,,,,,,,,,,,,,,,,,,,,,,,
,,,,,,,,,,,,,,,,,,,,,,,,,,,,,,,,,,,,,,,,,,,,,,,,,,,,,,,,,,,,,,,
,,,,,,,,,,,,,,,,,,,,,,,,,,,,,,,,,,,,,,,,,,,,,,,,,,,,,,,,,,,,,,,
,,,,,,,,,,,,,,,,,,,,,,,,,,,,,,,,,,,,,,,,,,,,,,,,,,,,,,,,,,,,,,,
,,,,,,,,,,,,,,,,,,,,,,,,,,,,,,,,,,,,,,,,,,,,,,,,,,,,,,,,,,,,,,,
,,,,,,,,,,,,,,,,,,,,,,,,,,,,,,,,,,,,,,,,,,,,,,,,,,,,,,,,,,,,,,,
,,,,,,,,,,,,,,,,,,,,,,,,,,,,,,,,,,,,,,,,,,,,,,,,,,,,,,,,,,,,,,,
,,,,,,,,,,,,,,,,,,,,,,,,,,,,,,,,,,,,,,,,,,,,,,,,,,,,,,,,,,,,,,,
,,,,,,,,,,,,,,,,,,,,,,,,,,,,,,,,,,,,,,,,,,,,,,,,,,,,,,,,,,,,,,,
,,,,,,,,,,,,,,,,,,,,,,,,,,,,,,,,,,,,,,,,,,,,,,,,,,,,,,,,,,,,,,,
,,,,,,,,,,,,,,,,,,,,,,,,,,,,,,,,,,,,,,,,,,,,,,,,,,,,,,,,,,,,,,,
,,,,,,,,,,,,,,,,,,,,,,,,,,,,,,,,,,,,,,,,,,,,,,,,,,,,,,,,,,,,,,,
,,,,,,,,,,,,,,,,,,,,,,,,,,,,,,,,,,,,,,,,,,,,,,,,,,,,,,,,,,,,,,,
,,,,,,,,,,,,,,,,,,,,,,,,,,,,,,,,,,,,,,,,,,,,,,,,,,,,,,,,,,,,,,,
,,,,,,,,,,,,,,,,,,,,,,,,,,,,,,,,,,,,,,,,,,,,,,,,,,,,,,,,,,,,,,,
,,,,,,,,,,,,,,,,,,,,,,,,,,,,,,,,,,,,,,,,,,,,,,,,,,,,,,,,,,,,,,,
,,,,,,,,,,,,,,,,,,,,,,,,,,,,,,,,,,,,,,,,,,,,,,,,,,,,,,,,,,,,,,,
,,,,,,,,,,,,,,,,,,,,,,,,,,,,,,,,,,,,,,,,,,,,,,,,,,,,,,,,,,,,,,,
,,,,,,,,,,,,,,,,,,,,,,,,,,,,,,,,,,,,,,,,,,,,,,,,,,,,,,,,,,,,,,,
,,,,,,,,,,,,,,,,,,,,,,,,,,,,,,,,,,,,,,,,,,,,,,,,,,,,,,,,,,,,,,,
,,,,,,,,,,,,,,,,,,,,,,,,,,,,,,,,,,,,,,,,,,,,,,,,,,,,,,,,,,,,,,,
,,,,,,,,,,,,,,,,,,,,,,,,,,,,,,,,,,,,,,,,,,,,,,,,,,,,,,,,,,,,,,,
,,,,,,,,,,,,,,,,,,,,,,,,,,,,,,,,,,,,,,,,,,,,,,,,,,,,,,,,,,,,,,,
,,,,,,,,,,,,,,,,,,,,,,,,,,,,,,,,,,,,,,,,,,,,,,,,,,,,,,,,,,,,,,,
,,,,,,,,,,,,,,,,,,,,,,,,,,,,,,,,,,,,,,,,,,,,,,,,,,,,,,,,,,,,,,,
,,,,,,,,,,,,,,,,,,,,,,,,,,,,,,,,,,,,,,,,,,,,,,,,,,,,,,,,,,,,,,,
,,,,,,,,,,,,,,,,,,,,,,,,,,,,,,,,,,,,,,,,,,,,,,,,,,,,,,,,,,,,,,,
,,,,,,,,,,,,,,,,,,,,,,,,,,,,,,,,,,,,,,,,,,,,,,,,,,,,,,,,,,,,,,,
,,,,,,,,,,,,,,,,,,,,,,,,,,,,,,,,,,,,,,,,,,,,,,,,,,,,,,,,,,,,,,,
,,,,,,,,,,,,,,,,,,,,,,,,,,,,,,,,,,,,,,,,,,,,,,,,,,,,,,,,,,,,,,,
,,,,,,,,,,,,,,,,,,,,,,,,,,,,,,,,,,,,,,,,,,,,,,,,,,,,,,,,,,,,,,,
,,,,,,,,,,,,,,,,,,,,,,,,,,,,,,,,,,,,,,,,,,,,,,,,,,,,,,,,,,,,,,,
,,,,,,,,,,,,,,,,,,,,,,,,,,,,,,,,,,,,,,,,,,,,,,,,,,,,,,,,,,,,,,,
,,,,,,,,,,,,,,,,,,,,,,,,,,,,,,,,,,,,,,,,,,,,,,,,,,,,,,,,,,,,,,,
,,,,,,,,,,,,,,,,,,,,,,,,,,,,,,,,,,,,,,,,,,,,,,,,,,,,,,,,,,,,,,,
,,,,,,,,,,,,,,,,,,,,,,,,,,,,,,,,,,,,,,,,,,,,,,,,,,,,,,,,,,,,,,,
,,,,,,,,,,,,,,,,,,,,,,,,,,,,,,,,,,,,,,,,,,,,,,,,,,,,,,,,,,,,,,,
,,,,,,,,,,,,,,,,,,,,,,,,,,,,,,,,,,,,,,,,,,,,,,,,,,,,,,,,,,,,,,,
,,,,,,,,,,,,,,,,,,,,,,,,,,,,,,,,,,,,,,,,,,,,,,,,,,,,,,,,,,,,,,,
,,,,,,,,,,,,,,,,,,,,,,,,,,,,,,,,,,,,,,,,,,,,,,,,,,,,,,,,,,,,,,,
,,,,,,,,,,,,,,,,,,,,,,,,,,,,,,,,,,,,,,,,,,,,,,,,,,,,,,,,,,,,,,,
,,,,,,,,,,,,,,,,,,,,,,,,,,,,,,,,,,,,,,,,,,,,,,,,,,,,,,,,,,,,,,,
,,,,,,,,,,,,,,,,,,,,,,,,,,,,,,,,,,,,,,,,,,,,,,,,,,,,,,,,,,,,,,,
,,,,,,,,,,,,,,,,,,,,,,,,,,,,,,,,,,,,,,,,,,,,,,,,,,,,,,,,,,,,,,,
,,,,,,,,,,,,,,,,,,,,,,,,,,,,,,,,,,,,,,,,,,,,,,,,,,,,,,,,,,,,,,,
,,,,,,,,,,,,,,,,,,,,,,,,,,,,,,,,,,,,,,,,,,,,,,,,,,,,,,,,,,,,,,,
,,,,,,,,,,,,,,,,,,,,,,,,,,,,,,,,,,,,,,,,,,,,,,,,,,,,,,,,,,,,,,,
,,,,,,,,,,,,,,,,,,,,,,,,,,,,,,,,,,,,,,,,,,,,,,,,,,,,,,,,,,,,,,,
,,,,,,,,,,,,,,,,,,,,,,,,,,,,,,,,,,,,,,,,,,,,,,,,,,,,,,,,,,,,,,,
,,,,,,,,,,,,,,,,,,,,,,,,,,,,,,,,,,,,,,,,,,,,,,,,,,,,,,,,,,,,,,,
,,,,,,,,,,,,,,,,,,,,,,,,,,,,,,,,,,,,,,,,,,,,,,,,,,,,,,,,,,,,,,,
,,,,,,,,,,,,,,,,,,,,,,,,,,,,,,,,,,,,,,,,,,,,,,,,,,,,,,,,,,,,,,,
,,,,,,,,,,,,,,,,,,,,,,,,,,,,,,,,,,,,,,,,,,,,,,,,,,,,,,,,,,,,,,,
,,,,,,,,,,,,,,,,,,,,,,,,,,,,,,,,,,,,,,,,,,,,,,,,,,,,,,,,,,,,,,,
,,,,,,,,,,,,,,,,,,,,,,,,,,,,,,,,,,,,,,,,,,,,,,,,,,,,,,,,,,,,,,,
,,,,,,,,,,,,,,,,,,,,,,,,,,,,,,,,,,,,,,,,,,,,,,,,,,,,,,,,,,,,,,,
,,,,,,,,,,,,,,,,,,,,,,,,,,,,,,,,,,,,,,,,,,,,,,,,,,,,,,,,,,,,,,,
,,,,,,,,,,,,,,,,,,,,,,,,,,,,,,,,,,,,,,,,,,,,,,,,,,,,,,,,,,,,,,,
,,,,,,,,,,,,,,,,,,,,,,,,,,,,,,,,,,,,,,,,,,,,,,,,,,,,,,,,,,,,,,,
,,,,,,,,,,,,,,,,,,,,,,,,,,,,,,,,,,,,,,,,,,,,,,,,,,,,,,,,,,,,,,,
,,,,,,,,,,,,,,,,,,,,,,,,,,,,,,,,,,,,,,,,,,,,,,,,,,,,,,,,,,,,,,,
,,,,,,,,,,,,,,,,,,,,,,,,,,,,,,,,,,,,,,,,,,,,,,,,,,,,,,,,,,,,,,,
,,,,,,,,,,,,,,,,,,,,,,,,,,,,,,,,,,,,,,,,,,,,,,,,,,,,,,,,,,,,,,,
,,,,,,,,,,,,,,,,,,,,,,,,,,,,,,,,,,,,,,,,,,,,,,,,,,,,,,,,,,,,,,,
,,,,,,,,,,,,,,,,,,,,,,,,,,,,,,,,,,,,,,,,,,,,,,,,,,,,,,,,,,,,,,,
,,,,,,,,,,,,,,,,,,,,,,,,,,,,,,,,,,,,,,,,,,,,,,,,,,,,,,,,,,,,,,,
,,,,,,,,,,,,,,,,,,,,,,,,,,,,,,,,,,,,,,,,,,,,,,,,,,,,,,,,,,,,,,,
,,,,,,,,,,,,,,,,,,,,,,,,,,,,,,,,,,,,,,,,,,,,,,,,,,,,,,,,,,,,,,,
